symbol	hgnc_id	entrez_id	ensembl_gene_id	gene_name	uniprot_ids	protein_name_uniprot	alias_symbols	disease	category	label	evidence	note	source
KCNAB3	HGNC:6230	9196	ENSG00000170049	potassium voltage-gated channel subfamily A regulatory beta subunit 3	O43448		AKR6A9|KCNA3B	schizophrenia	random	0			HGNC protein-coding, random seed 20260921
ATG4A	HGNC:16489	115201	ENSG00000101844	autophagy related 4A cysteine peptidase	Q8WYN0		AUTL2|APG4A	schizophrenia	random	0			HGNC protein-coding, random seed 20260921
GLI2	HGNC:4318	2736	ENSG00000074047	GLI family zinc finger 2	P10070		THP2|HPE9|THP1	schizophrenia	random	0			HGNC protein-coding, random seed 20260921
CD99L2	HGNC:18237	83692	ENSG00000102181	CD99 molecule like 2	Q8TCZ2		CD99B|MIC2L1	schizophrenia	random	0			HGNC protein-coding, random seed 20260921
BCL7B	HGNC:1005	9275	ENSG00000106635	BAF chromatin remodeling complex subunit BCL7B	Q9BQE9		SMARCJ2	schizophrenia	random	0			HGNC protein-coding, random seed 20260921
EXOSC2	HGNC:17097	23404	ENSG00000130713	exosome component 2	Q13868		hRrp4p|Rrp4p|RRP4|p7	schizophrenia	random	0			HGNC protein-coding, random seed 20260921
POLD3	HGNC:20932	10714	ENSG00000077514	DNA polymerase delta 3, accessory subunit	Q15054		P66|KIAA0039|P68|PPP1R128	schizophrenia	random	0			HGNC protein-coding, random seed 20260921
OR8J1	HGNC:14855	219477	ENSG00000172487	olfactory receptor family 8 subfamily J member 1	Q8NGP2			schizophrenia	random	0			HGNC protein-coding, random seed 20260921
GGTA1	HGNC:4253	2681	ENSG00000204136	glycoprotein alpha-galactosyltransferase 1 (inactive)	Q4G0N0		GLYT2|GGTA|GGTA1P	schizophrenia	random	0			HGNC protein-coding, random seed 20260921
NUBPL	HGNC:20278	80224	ENSG00000151413	NUBP iron-sulfur cluster assembly factor, mitochondrial	Q8TB37		FLJ12660|IND1|huInd1|C14orf127	schizophrenia	random	0			HGNC protein-coding, random seed 20260921
NPY5R	HGNC:7958	4889	ENSG00000164129	neuropeptide Y receptor Y5	Q15761		NPYR5	schizophrenia	random	0			HGNC protein-coding, random seed 20260921
CCDC40	HGNC:26090	55036	ENSG00000141519	coiled-coil domain 40 molecular ruler complex subunit	Q4G0X9		FLJ20753|KIAA1640|FLJ32021|CILD15|FAP172|CFAP172	schizophrenia	random	0			HGNC protein-coding, random seed 20260921
PCBD2	HGNC:24474	84105	ENSG00000132570	pterin-4 alpha-carbinolamine dehydratase 2	Q9H0N5		DCOHM|DCOH2	schizophrenia	random	0			HGNC protein-coding, random seed 20260921
MEGF9	HGNC:3234	1955	ENSG00000106780	multiple EGF like domains 9	Q9H1U4		EGFL5	schizophrenia	random	0			HGNC protein-coding, random seed 20260921
CCDC180	HGNC:29303	100499483	ENSG00000197816	coiled-coil domain containing 180	Q9P1Z9		DKFZp434I2420|BDAG1|FAP76|CFAP76|KIAA1529|C9orf174	schizophrenia	random	0			HGNC protein-coding, random seed 20260921
RABL2A	HGNC:9799	11159	ENSG00000144134	RAB, member of RAS oncogene family like 2A	Q9UBK7			schizophrenia	random	0			HGNC protein-coding, random seed 20260921
ZCCHC4	HGNC:22917	29063	ENSG00000168228	zinc finger CCHC-type containing 4	Q9H5U6		HSPC052|FLJ23024|ZGRF4	schizophrenia	random	0			HGNC protein-coding, random seed 20260921
GPR33	HGNC:4489	2856	ENSG00000214943	G protein-coupled receptor 33	Q49SQ1			schizophrenia	random	0			HGNC protein-coding, random seed 20260921
ARB2A	HGNC:25365	83989	ENSG00000113391	ARB2 cotranscriptional regulator A	Q8WUF8		DKFZP564D172|Toupee|C5orf21|FAM172A	schizophrenia	random	0			HGNC protein-coding, random seed 20260921
USP49	HGNC:20078	25862	ENSG00000164663	ubiquitin specific peptidase 49	Q70CQ1		MGC20741	schizophrenia	random	0			HGNC protein-coding, random seed 20260921
TEDC2	HGNC:25849	80178	ENSG00000162062	tubulin epsilon and delta complex 2	Q7L2K0		FLJ13909|C16orf59	schizophrenia	random	0			HGNC protein-coding, random seed 20260921
GPR174	HGNC:30245	84636	ENSG00000147138	G protein-coupled receptor 174	Q9BXC1		FKSG79|LPS3	schizophrenia	random	0			HGNC protein-coding, random seed 20260921
RPA1	HGNC:10289	6117	ENSG00000132383	replication protein A1	P27694		REPA1|RPA70|HSSB|RF-A|RP-A	schizophrenia	random	0			HGNC protein-coding, random seed 20260921
MED12L	HGNC:16050	116931	ENSG00000144893	mediator complex subunit 12L	Q86YW9		KIAA1635|TNRC11L|TRALPUSH|TRALP	schizophrenia	random	0			HGNC protein-coding, random seed 20260921
SLITRK1	HGNC:20297	114798	ENSG00000178235	SLIT and NTRK like family member 1	Q96PX8		KIAA1910|LRRC12	schizophrenia	random	0			HGNC protein-coding, random seed 20260921
TTLL12	HGNC:28974	23170	ENSG00000100304	tubulin tyrosine ligase like 12	Q14166		KIAA0153	schizophrenia	random	0			HGNC protein-coding, random seed 20260921
ZNF575	HGNC:27606	284346	ENSG00000176472	zinc finger protein 575	Q86XF7		FLJ32567	schizophrenia	random	0			HGNC protein-coding, random seed 20260921
TIRAP	HGNC:17192	114609	ENSG00000150455	TIR domain containing adaptor protein	P58753		Mal|wyatt	schizophrenia	random	0			HGNC protein-coding, random seed 20260921
DEFB107A	HGNC:18086	245910	ENSG00000186572	defensin beta 107A	Q8IZN7		DEFB-7|DEFB107	schizophrenia	random	0			HGNC protein-coding, random seed 20260921
ASIC5	HGNC:17537	51802	ENSG00000256394	acid sensing ion channel subunit family member 5	Q9NY37		INAC|HINAC|ACCN5	schizophrenia	random	0			HGNC protein-coding, random seed 20260921
SALL1	HGNC:10524	6299	ENSG00000103449	spalt like transcription factor 1	Q9NSC2		Hsal1|ZNF794|TBS	schizophrenia	random	0			HGNC protein-coding, random seed 20260921
C1orf146	HGNC:24032	388649	ENSG00000203910	chromosome 1 open reading frame 146	Q5VVC0		SPO16|SCRE	schizophrenia	random	0			HGNC protein-coding, random seed 20260921
LIPN	HGNC:23452	643418	ENSG00000204020	lipase family member N	Q5VXI9		bA186O14.3|LIPL4	schizophrenia	random	0			HGNC protein-coding, random seed 20260921
ZNF829	HGNC:34032	374899	ENSG00000185869	zinc finger protein 829	Q3KNS6		DKFZp779O175	schizophrenia	random	0			HGNC protein-coding, random seed 20260921
ROR1	HGNC:10256	4919	ENSG00000185483	ROR family WNT receptor 1	Q01973		NTRKR1	schizophrenia	random	0			HGNC protein-coding, random seed 20260921
XBP1	HGNC:12801	7494	ENSG00000100219	X-box binding protein 1	P17861		XBP2	schizophrenia	random	0			HGNC protein-coding, random seed 20260921
ZNF138	HGNC:12922	7697	ENSG00000197008	zinc finger protein 138	P52744		pHZ-32	schizophrenia	random	0			HGNC protein-coding, random seed 20260921
ZZZ3	HGNC:24523	26009	ENSG00000036549	zinc finger ZZ-type containing 3	Q8IYH5		DKFZP564I052|ATAC1	schizophrenia	random	0			HGNC protein-coding, random seed 20260921
TACR3	HGNC:11528	6870	ENSG00000169836	tachykinin receptor 3	P29371		NK3R|NKR|TAC3R	schizophrenia	random	0			HGNC protein-coding, random seed 20260921
GTF3A	HGNC:4662	2971	ENSG00000122034	general transcription factor IIIA	Q92664		TFIIIA|AP2	schizophrenia	random	0			HGNC protein-coding, random seed 20260921
GALNT14	HGNC:22946	79623	ENSG00000158089	polypeptide N-acetylgalactosaminyltransferase 14	Q96FL9		GalNac-T10|FLJ12691|GalNac-T14	schizophrenia	random	0			HGNC protein-coding, random seed 20260921
FGD3	HGNC:16027	89846	ENSG00000127084	FYVE, RhoGEF and PH domain containing 3	Q5JSP0		FLJ00004|ZFYVE5	schizophrenia	random	0			HGNC protein-coding, random seed 20260921
CADPS	HGNC:1426	8618	ENSG00000163618	calcium dependent secretion activator	Q9ULU8		CAPS|KIAA1121|CAPS1|UNC-31|CADPS1	schizophrenia	random	0			HGNC protein-coding, random seed 20260921
DRP2	HGNC:3032	1821	ENSG00000102385	dystrophin related protein 2	Q13474			schizophrenia	random	0			HGNC protein-coding, random seed 20260921
TRIM9	HGNC:16288	114088	ENSG00000100505	tripartite motif containing 9	Q9C026		SPRING|RNF91	schizophrenia	random	0			HGNC protein-coding, random seed 20260921
NPTN	HGNC:17867	27020	ENSG00000156642	neuroplastin	Q9Y639		SDR1|GP55|GP65|np65|np55|SDFR1	schizophrenia	random	0			HGNC protein-coding, random seed 20260921
PSMC2	HGNC:9548	5701	ENSG00000161057	proteasome 26S subunit, ATPase 2	P35998		MSS1|S7|Nbla10058|RPT1	schizophrenia	random	0			HGNC protein-coding, random seed 20260921
PPARGC1B	HGNC:30022	133522	ENSG00000155846	PPARG coactivator 1 beta	Q86YN6		PERC|PGC1B|PPARAGCIβ	schizophrenia	random	0			HGNC protein-coding, random seed 20260921
BCL7C	HGNC:1006	9274	ENSG00000099385	BAF chromatin remodeling complex subunit BCL7C	Q8WUZ0		SMARCJ3	schizophrenia	random	0			HGNC protein-coding, random seed 20260921
GNB5	HGNC:4401	10681	ENSG00000069966	G protein subunit beta 5	O14775		GB5	schizophrenia	random	0			HGNC protein-coding, random seed 20260921
GOLGA6B	HGNC:32205	55889	ENSG00000215186	golgin A6 family member B	A6NDN3			schizophrenia	random	0			HGNC protein-coding, random seed 20260921
AURKC	HGNC:11391	6795	ENSG00000105146	aurora kinase C	Q9UQB9		AurC|ARK3|STK13	schizophrenia	random	0			HGNC protein-coding, random seed 20260921
SERPINB11	HGNC:14221	89778	ENSG00000206072	serpin family B member 11	Q96P15			schizophrenia	random	0			HGNC protein-coding, random seed 20260921
DDI1	HGNC:18961	414301	ENSG00000170967	DDI proteasomal shuttling factor 1	Q8WTU0		FLJ36017	schizophrenia	random	0			HGNC protein-coding, random seed 20260921
STRIT1	HGNC:52297	100507537	ENSG00000240045	small transmembrane regulator of ion transport 1	P0DN84		DWORF	schizophrenia	random	0			HGNC protein-coding, random seed 20260921
BCL9L	HGNC:23688	283149	ENSG00000186174	BCL9 like	Q86UU0		DLNB11|B9L|Bcl9-2	schizophrenia	random	0			HGNC protein-coding, random seed 20260921
SORD	HGNC:11184	6652	ENSG00000140263	sorbitol dehydrogenase	Q00796		SDH|XDH	schizophrenia	random	0			HGNC protein-coding, random seed 20260921
MED4	HGNC:17903	29079	ENSG00000136146	mediator complex subunit 4	Q9NPJ6		HSPC126|DRIP36|TRAP36|VDRIP	schizophrenia	random	0			HGNC protein-coding, random seed 20260921
GHR	HGNC:4263	2690	ENSG00000112964	growth hormone receptor	P10912		GHBP	schizophrenia	random	0			HGNC protein-coding, random seed 20260921
RBM48	HGNC:21785	84060	ENSG00000127993	RNA binding motif protein 48	Q5RL73		DKFZp564O0523|HSPC304|C7orf64	schizophrenia	random	0			HGNC protein-coding, random seed 20260921
DNAJC13	HGNC:30343	23317	ENSG00000138246	DnaJ heat shock protein family (Hsp40) member C13	O75165		RME8|KIAA0678	schizophrenia	random	0			HGNC protein-coding, random seed 20260921
ATP5MK	HGNC:30889	84833	ENSG00000173915	ATP synthase membrane subunit k	Q96IX5		MGC14697|bA792D24.4|DAPIT|AGP|USMG5|ATP5MD	schizophrenia	random	0			HGNC protein-coding, random seed 20260921
GATB	HGNC:8849	5188	ENSG00000059691	glutamyl-tRNA amidotransferase subunit B	O75879		PET112L|PET112	schizophrenia	random	0			HGNC protein-coding, random seed 20260921
NFKB2	HGNC:7795	4791	ENSG00000077150	nuclear factor kappa B subunit 2	Q00653		LYT-10|p52|p105|NF-kB2|p49/p100	schizophrenia	random	0			HGNC protein-coding, random seed 20260921
POU3F3	HGNC:9216	5455	ENSG00000198914	POU class 3 homeobox 3	P20264		BRN1|OTF8	schizophrenia	random	0			HGNC protein-coding, random seed 20260921
ADAMTS1	HGNC:217	9510	ENSG00000154734	ADAM metallopeptidase with thrombospondin type 1 motif 1	Q9UHI8		C3-C5|METH1|KIAA1346	schizophrenia	random	0			HGNC protein-coding, random seed 20260921
ABI3BP	HGNC:17265	25890	ENSG00000154175	ABI family member 3 binding protein	Q7Z7G0		NESHBP|DKFZP586L2024|TARSH	schizophrenia	random	0			HGNC protein-coding, random seed 20260921
DEFB130B	HGNC:39814	100133267	ENSG00000233050	defensin beta 130B	P0DP73			schizophrenia	random	0			HGNC protein-coding, random seed 20260921
SLC16A6	HGNC:10927	9120	ENSG00000108932	solute carrier family 16 member 6	O15403		MCT6|MCT7	schizophrenia	random	0			HGNC protein-coding, random seed 20260921
TUBA3E	HGNC:20765	112714	ENSG00000152086	tubulin alpha 3e	Q6PEY2			schizophrenia	random	0			HGNC protein-coding, random seed 20260921
ING3	HGNC:14587	54556	ENSG00000071243	inhibitor of growth family member 3	Q9NXR8		p47ING3|FLJ20089|Eaf4|MEAF4	schizophrenia	random	0			HGNC protein-coding, random seed 20260921
EXTL1	HGNC:3515	2134	ENSG00000158008	exostosin like glycosyltransferase 1	Q92935		EXTL|MGC70794	schizophrenia	random	0			HGNC protein-coding, random seed 20260921
PQBP1	HGNC:9330	10084	ENSG00000102103	polyglutamine binding protein 1	O60828		RENS1|MRXS8|SHS|MRX55|MRX2|MRXS3	schizophrenia	random	0			HGNC protein-coding, random seed 20260921
DOHH	HGNC:28662	83475	ENSG00000129932	deoxyhypusine hydroxylase	Q9BU89		MGC4293|HLRC1	schizophrenia	random	0			HGNC protein-coding, random seed 20260921
GADL1	HGNC:27949	339896	ENSG00000144644	GAD like acidic amino acid decarboxylase 1	Q6ZQY3			schizophrenia	random	0			HGNC protein-coding, random seed 20260921
DBF4	HGNC:17364	10926	ENSG00000006634	DBF4-CDC7 kinase regulatory subunit	Q9UBU7		ASK|chif|ZDBF1|DBF4A	schizophrenia	random	0			HGNC protein-coding, random seed 20260921
OR52R1	HGNC:15235	119695	ENSG00000279270	olfactory receptor family 52 subfamily R member 1	Q8NGF1			schizophrenia	random	0			HGNC protein-coding, random seed 20260921
EXTL3	HGNC:3518	2137	ENSG00000012232	exostosin like glycosyltransferase 3	O43909		botv|REGR	schizophrenia	random	0			HGNC protein-coding, random seed 20260921
TNNI3K	HGNC:19661	51086	ENSG00000116783	TNNI3 interacting kinase	Q59H18		CARK	schizophrenia	random	0			HGNC protein-coding, random seed 20260921
PPM1K	HGNC:25415	152926	ENSG00000163644	protein phosphatase, Mg2+/Mn2+ dependent 1K	Q8N3J5		DKFZp761G058|PP2Ckappa|hPTMP|PP2Cm|BDP	schizophrenia	random	0			HGNC protein-coding, random seed 20260921
LILRB1	HGNC:6605	10859	ENSG00000104972	leukocyte immunoglobulin like receptor B1	Q8NHL6		LIR-1|ILT2|MIR-7|CD85|LIR1|CD85j|PIRB|PIR-B	schizophrenia	random	0			HGNC protein-coding, random seed 20260921
PPIL6	HGNC:21557	285755	ENSG00000185250	peptidylprolyl isomerase like 6	Q8IXY8		bA425D10.6|MGC41939|dJ919F19.1|RSPH12	schizophrenia	random	0			HGNC protein-coding, random seed 20260921
LMF1	HGNC:14154	64788	ENSG00000103227	lipase maturation factor 1	Q96S06		FLJ12681|JFP11|FLJ22302|TMEM112A|C16orf26|TMEM112	schizophrenia	random	0			HGNC protein-coding, random seed 20260921
EPC1	HGNC:19876	80314	ENSG00000120616	enhancer of polycomb 1	Q9H2F5		Epl1	schizophrenia	random	0			HGNC protein-coding, random seed 20260921
ANGPTL3	HGNC:491	27329	ENSG00000132855	angiopoietin like 3	Q9Y5C1		ANGPT5	schizophrenia	random	0			HGNC protein-coding, random seed 20260921
GAPVD1	HGNC:23375	26130	ENSG00000165219	GTPase activating protein and VPS9 domains 1	Q14C86		DKFZP434C212|KIAA1521	schizophrenia	random	0			HGNC protein-coding, random seed 20260921
IDH1	HGNC:5382	3417	ENSG00000138413	isocitrate dehydrogenase (NADP(+)) 1	O75874			schizophrenia	random	0			HGNC protein-coding, random seed 20260921
ADGRF5	HGNC:19030	221395	ENSG00000069122	adhesion G protein-coupled receptor F5	Q8IZF2		DKFZp564O1923|KIAA0758|GPR116	schizophrenia	random	0			HGNC protein-coding, random seed 20260921
ZNF708	HGNC:12945	7562	ENSG00000182141	zinc finger protein 708	P17019		KOX8|ZNF15|ZNF15L1	schizophrenia	random	0			HGNC protein-coding, random seed 20260921
ESD	HGNC:3465	2098	ENSG00000139684	esterase D	P10768			schizophrenia	random	0			HGNC protein-coding, random seed 20260921
OR7C2	HGNC:8374	26658	ENSG00000127529	olfactory receptor family 7 subfamily C member 2	O60412		OR19-18|OR7C3	schizophrenia	random	0			HGNC protein-coding, random seed 20260921
CST9L	HGNC:16233	128821	ENSG00000101435	cystatin 9 like	Q9H4G1		bA218C14.1|CTES7B	schizophrenia	random	0			HGNC protein-coding, random seed 20260921
TSC2	HGNC:12363	7249	ENSG00000103197	TSC complex subunit 2	P49815		tuberin|LAM|PPP1R160|TSC4	schizophrenia	random	0			HGNC protein-coding, random seed 20260921
NLRC5	HGNC:29933	84166	ENSG00000140853	NLR family CARD domain containing 5	Q86WI3		NOD27|CLR16.1|FLJ21709	schizophrenia	random	0			HGNC protein-coding, random seed 20260921
MAGEA12	HGNC:6799	4111	ENSG00000213401	MAGE family member A12	P43365		CT1.12|MAGE12	schizophrenia	random	0			HGNC protein-coding, random seed 20260921
SLC16A12	HGNC:23094	387700	ENSG00000152779	solute carrier family 16 member 12	Q6ZSM3		MCT12|CRT2	schizophrenia	random	0			HGNC protein-coding, random seed 20260921
SOD2	HGNC:11180	6648	ENSG00000291237	superoxide dismutase 2	P04179		GC1|IPOB|MnSOD|GClnc1|lncRNA-GC1	schizophrenia	random	0			HGNC protein-coding, random seed 20260921
ZC3H11A	HGNC:29093	9877	ENSG00000058673	zinc finger CCCH-type containing 11A	O75152		KIAA0663|ZC3HDC11A	schizophrenia	random	0			HGNC protein-coding, random seed 20260921
TYMP	HGNC:3148	1890	ENSG00000025708	thymidine phosphorylase	P19971		MNGIE|ECGF1	schizophrenia	random	0			HGNC protein-coding, random seed 20260921
LHX3	HGNC:6595	8022	ENSG00000107187	LIM homeobox 3	Q9UBR4			schizophrenia	random	0			HGNC protein-coding, random seed 20260921
CCSAP	HGNC:29578	126731	ENSG00000154429	centriole, cilia and spindle associated protein	Q6IQ19		FLJ41471|CSAP|C1orf96	schizophrenia	random	0			HGNC protein-coding, random seed 20260921
H2AL3	HGNC:53960	115482686	ENSG00000229674	H2A.L variant histone 3	A0A3B3IU63		H2A.L.3|H2AL1RP	schizophrenia	random	0			HGNC protein-coding, random seed 20260921
CROCC	HGNC:21299	9696	ENSG00000058453	ciliary rootlet coiled-coil, rootletin	Q5TZA2		rootletin|ROLT|CROCC1	schizophrenia	random	0			HGNC protein-coding, random seed 20260921
SGK2	HGNC:13900	10110	ENSG00000101049	serum/glucocorticoid regulated kinase 2	Q9HBY8			schizophrenia	random	0			HGNC protein-coding, random seed 20260921
ZNF596	HGNC:27268	169270	ENSG00000172748	zinc finger protein 596	Q8TC21			schizophrenia	random	0			HGNC protein-coding, random seed 20260921
RAB22A	HGNC:9764	57403	ENSG00000124209	RAB22A, member RAS oncogene family	Q9UL26			schizophrenia	random	0			HGNC protein-coding, random seed 20260921
ST7	HGNC:11351	7982	ENSG00000004866	suppression of tumorigenicity 7	Q9NRC1		TSG7|SEN4|ETS7q|HELG|RAY1|FAM4A|FAM4A1	schizophrenia	random	0			HGNC protein-coding, random seed 20260921
DLK1	HGNC:2907	8788	ENSG00000185559	delta like non-canonical Notch ligand 1	P80370		FA1|pG2|Pref-1|ZOG|Delta1	schizophrenia	random	0			HGNC protein-coding, random seed 20260921
WDR88	HGNC:26999	126248	ENSG00000166359	WD repeat domain 88	Q6ZMY6		PQWD	schizophrenia	random	0			HGNC protein-coding, random seed 20260921
MAST1	HGNC:19034	22983	ENSG00000105613	microtubule associated serine/threonine kinase 1	Q9Y2H9		SAST|KIAA0973	schizophrenia	random	0			HGNC protein-coding, random seed 20260921
VIPAS39	HGNC:20347	63894	ENSG00000151445	VPS33B interacting protein, apical-basolateral polarity regulator, spe-39 homolog	Q9H9C1		VIPAR|VPS16B|SPE-39|SPE39|hSPE-39|C14orf133	schizophrenia	random	0			HGNC protein-coding, random seed 20260921
MCTP2	HGNC:25636	55784	ENSG00000140563	multiple C2 and transmembrane domain containing 2	Q6DN12		FLJ11175|FLJ33303	schizophrenia	random	0			HGNC protein-coding, random seed 20260921
GLYCTK	HGNC:24247	132158	ENSG00000168237	glycerate kinase	Q8IVS8		HBEBP4|HBEBP2	schizophrenia	random	0			HGNC protein-coding, random seed 20260921
CAPZA1	HGNC:1488	829	ENSG00000116489	capping actin protein of muscle Z-line subunit alpha 1	P52907		CAPPA1	schizophrenia	random	0			HGNC protein-coding, random seed 20260921
LBX1	HGNC:16960	10660	ENSG00000138136	ladybird homeobox 1	P52954		LBX1H|HPX6	schizophrenia	random	0			HGNC protein-coding, random seed 20260921
C17orf107	HGNC:37238	100130311	ENSG00000205710	chromosome 17 open reading frame 107	Q6ZR85			schizophrenia	random	0			HGNC protein-coding, random seed 20260921
SEMA4A	HGNC:10729	64218	ENSG00000196189	semaphorin 4A	Q9H3S1		SemB|FLJ12287|CORD10|SEMAB	schizophrenia	random	0			HGNC protein-coding, random seed 20260921
FEZ2	HGNC:3660	9637	ENSG00000171055	fasciculation and elongation protein zeta 2	Q9UHY8			schizophrenia	random	0			HGNC protein-coding, random seed 20260921
THUMPD3	HGNC:24493	25917	ENSG00000134077	THUMP domain 3 tRNA guanosine methyltransferase	Q9BV44		DKFZP434F091	schizophrenia	random	0			HGNC protein-coding, random seed 20260921
MCOLN1	HGNC:13356	57192	ENSG00000090674	mucolipin TRP cation channel 1	Q9GZU1		TRPML1|ML4|MLIV|MST080|MSTP080|TRPM-L1	schizophrenia	random	0			HGNC protein-coding, random seed 20260921
SPMIP4	HGNC:21722	136895	ENSG00000153790	sperm microtubule inner protein 4	Q8N865		C7orf31	schizophrenia	random	0			HGNC protein-coding, random seed 20260921
NOC3L	HGNC:24034	64318	ENSG00000173145	NOC3 like DNA replication regulator	Q8WTT2		AD24|FLJ12820|FAD24|C10orf117	schizophrenia	random	0			HGNC protein-coding, random seed 20260921
COL27A1	HGNC:22986	85301	ENSG00000196739	collagen type XXVII alpha 1 chain	Q8IZC6		KIAA1870|MGC11337|FLJ11895	schizophrenia	random	0			HGNC protein-coding, random seed 20260921
ZXDB	HGNC:13199	158586	ENSG00000198455	zinc finger X-linked duplicated B	P98169		ZNF905	schizophrenia	random	0			HGNC protein-coding, random seed 20260921
C13orf46	HGNC:53786	100507747	ENSG00000283199	chromosome 13 open reading frame 46	A0A1B0GUA9			schizophrenia	random	0			HGNC protein-coding, random seed 20260921
CTNND2	HGNC:2516	1501	ENSG00000169862	catenin delta 2	Q9UQB3		NPRAP|GT24	schizophrenia	random	0			HGNC protein-coding, random seed 20260921
BRMS1L	HGNC:20512	84312	ENSG00000100916	BRMS1 like transcriptional repressor	Q5PSV4		MGC11296|FLJ39177|p40|BRMS1	schizophrenia	random	0			HGNC protein-coding, random seed 20260921
DPP9	HGNC:18648	91039	ENSG00000142002	dipeptidyl peptidase 9	Q86TI2			schizophrenia	random	0			HGNC protein-coding, random seed 20260921
USP43	HGNC:20072	124739	ENSG00000154914	ubiquitin specific peptidase 43	Q70EL4		FLJ30626	schizophrenia	random	0			HGNC protein-coding, random seed 20260921
TXN2	HGNC:17772	25828	ENSG00000100348	thioredoxin 2	Q99757		MT-TRX	schizophrenia	random	0			HGNC protein-coding, random seed 20260921
ITM2B	HGNC:6174	9445	ENSG00000136156	integral membrane protein 2B	Q9Y287		BRI|E25B|E3-16|BRICD2B|BRI2	schizophrenia	random	0			HGNC protein-coding, random seed 20260921
HENMT1	HGNC:26400	113802	ENSG00000162639	HEN methyltransferase 1	Q5T8I9		FLJ30525|HEN1|C1orf59	schizophrenia	random	0			HGNC protein-coding, random seed 20260921
LRCH3	HGNC:28637	84859	ENSG00000186001	leucine rich repeats and calponin homology domain containing 3	Q96II8		MGC4126	schizophrenia	random	0			HGNC protein-coding, random seed 20260921
SPANXN4	HGNC:33177	441525	ENSG00000189326	SPANX family member N4	Q5MJ08		SPANX-N4|CT11.9	schizophrenia	random	0			HGNC protein-coding, random seed 20260921
C10orf105	HGNC:20304	414152	ENSG00000214688	chromosome 10 open reading frame 105	Q8TEF2		FLJ00245	schizophrenia	random	0			HGNC protein-coding, random seed 20260921
POM121L12	HGNC:25369	285877	ENSG00000221900	POM121 transmembrane nucleoporin like 12	Q8N7R1		DKFZp564N2472	schizophrenia	random	0			HGNC protein-coding, random seed 20260921
MRGPRD	HGNC:29626	116512	ENSG00000172938	MAS related GPR family member D	Q8TDS7		mrgD	schizophrenia	random	0			HGNC protein-coding, random seed 20260921
MYOT	HGNC:12399	9499	ENSG00000120729	myotilin	Q9UBF9		TTID|LGMD1A|LGMD1	schizophrenia	random	0			HGNC protein-coding, random seed 20260921
SINHCAF	HGNC:30702	58516	ENSG00000139146	SIN3-HDAC complex associated factor	Q9NP50		TERA|C12orf14|FAM60A	schizophrenia	random	0			HGNC protein-coding, random seed 20260921
DPYSL2	HGNC:3014	1808	ENSG00000092964	dihydropyrimidinase like 2	Q16555		DRP-2|DHPRP2|CRMP2|DRP2	schizophrenia	random	0			HGNC protein-coding, random seed 20260921
AADACL4	HGNC:32038	343066	ENSG00000204518	arylacetamide deacetylase like 4	Q5VUY2		OTTHUMG00000001889	schizophrenia	random	0			HGNC protein-coding, random seed 20260921
KIFC3	HGNC:6326	3801	ENSG00000140859	kinesin family member C3	Q9BVG8			schizophrenia	random	0			HGNC protein-coding, random seed 20260921
APOF	HGNC:615	319	ENSG00000175336	apolipoprotein F	Q13790			schizophrenia	random	0			HGNC protein-coding, random seed 20260921
PLIN5	HGNC:33196	440503	ENSG00000214456	perilipin 5	Q00G26		LSDP5|LSDA5|OXPAT|MLDP	schizophrenia	random	0			HGNC protein-coding, random seed 20260921
CABP5	HGNC:13714	56344	ENSG00000105507	calcium binding protein 5	Q9NP86		CaBP3|CABP3	schizophrenia	random	0			HGNC protein-coding, random seed 20260921
CAPZA2	HGNC:1490	830	ENSG00000198898	capping actin protein of muscle Z-line subunit alpha 2	P47755		CAPZ|CAPPA2	schizophrenia	random	0			HGNC protein-coding, random seed 20260921
SHROOM4	HGNC:29215	57477	ENSG00000158352	shroom family member 4	Q9ULL8		KIAA1202|Shrm4|SHAP	schizophrenia	random	0			HGNC protein-coding, random seed 20260921
GPR150	HGNC:23628	285601	ENSG00000178015	G protein-coupled receptor 150	Q8NGU9		PGR11	schizophrenia	random	0			HGNC protein-coding, random seed 20260921
LRRC71	HGNC:26556	149499	ENSG00000160838	leucine rich repeat containing 71	Q8N4P6		FLJ32884|C1orf92	schizophrenia	random	0			HGNC protein-coding, random seed 20260921
ZDHHC11B	HGNC:32962	653082	ENSG00000206077	zDHHC palmitoyltransferase 11B (putative)	P0C7U3			schizophrenia	random	0			HGNC protein-coding, random seed 20260921
SEC23IP	HGNC:17018	11196	ENSG00000107651	SEC23 interacting protein	Q9Y6Y8		p125|iPLA1beta|iPLA1β|p125A	schizophrenia	random	0			HGNC protein-coding, random seed 20260921
NAIF1	HGNC:25446	203245	ENSG00000171169	nuclear apoptosis inducing factor 1	Q69YI7		DKFZp762G199|bA379C10.2|C9orf90	schizophrenia	random	0			HGNC protein-coding, random seed 20260921
PRDM7	HGNC:9351	11105	ENSG00000126856	PR/SET domain 7	Q9NQW5		ZNF910	schizophrenia	random	0			HGNC protein-coding, random seed 20260921
GCGR	HGNC:4192	2642	ENSG00000215644	glucagon receptor	P47871		GGR	schizophrenia	random	0			HGNC protein-coding, random seed 20260921
TASP1	HGNC:15859	55617	ENSG00000089123	taspase 1	Q9H6P5		FLJ20212|dJ585I14.2|C20orf13	schizophrenia	random	0			HGNC protein-coding, random seed 20260921
PSMC4	HGNC:9551	5704	ENSG00000013275	proteasome 26S subunit, ATPase 4	P43686		TBP7|S6|MGC8570|MGC13687|MGC23214|TBP-7|RPT3|MIP224	schizophrenia	random	0			HGNC protein-coding, random seed 20260921
OR4D5	HGNC:14852	219875	ENSG00000171014	olfactory receptor family 4 subfamily D member 5	Q8NGN0			schizophrenia	random	0			HGNC protein-coding, random seed 20260921
PPL	HGNC:9273	5493	ENSG00000118898	periplakin	O60437			schizophrenia	random	0			HGNC protein-coding, random seed 20260921
RPTOR	HGNC:30287	57521	ENSG00000141564	regulatory associated protein of MTOR complex 1	Q8N122		KOG1|Mip1|KIAA1303|raptor	schizophrenia	random	0			HGNC protein-coding, random seed 20260921
VSIG4	HGNC:17032	11326	ENSG00000155659	V-set and immunoglobulin domain containing 4	Q9Y279		Z39IG|CRIg	schizophrenia	random	0			HGNC protein-coding, random seed 20260921
CES3	HGNC:1865	23491	ENSG00000172828	carboxylesterase 3	Q6UWW8		FLJ21736|ES31	schizophrenia	random	0			HGNC protein-coding, random seed 20260921
ZNF215	HGNC:13007	7762	ENSG00000149054	zinc finger protein 215	Q9UL58		ZKSCAN11|ZSCAN43	schizophrenia	random	0			HGNC protein-coding, random seed 20260921
FBXO45	HGNC:29148	200933	ENSG00000174013	F-box protein 45	P0C2W1		Fbx45	schizophrenia	random	0			HGNC protein-coding, random seed 20260921
RAB3A	HGNC:9777	5864	ENSG00000105649	RAB3A, member RAS oncogene family	P20336			schizophrenia	random	0			HGNC protein-coding, random seed 20260921
PPP1R12A	HGNC:7618	4659	ENSG00000058272	protein phosphatase 1 regulatory subunit 12A	O14974		MBS|M130|MYPT1	schizophrenia	random	0			HGNC protein-coding, random seed 20260921
TGIF2LX	HGNC:18570	90316	ENSG00000153779	TGFB induced factor homeobox 2 like X-linked	Q8IUE1			schizophrenia	random	0			HGNC protein-coding, random seed 20260921
CCER1	HGNC:28373	196477	ENSG00000197651	coiled-coil glutamate rich protein 1	Q8TC90		MGC26598|C12orf12	schizophrenia	random	0			HGNC protein-coding, random seed 20260921
PAN3	HGNC:29991	255967	ENSG00000152520	poly(A) specific ribonuclease subunit PAN3	Q58A45			schizophrenia	random	0			HGNC protein-coding, random seed 20260921
ZNF697	HGNC:32034	90874	ENSG00000143067	zinc finger protein 697	Q5TEC3		MGC45731	schizophrenia	random	0			HGNC protein-coding, random seed 20260921
MATCAP1	HGNC:34408	653319	ENSG00000196123	microtubule associated tyrosine carboxypeptidase 1	Q68EN5		LOC653319|TMCP1|KIAA0895L	schizophrenia	random	0			HGNC protein-coding, random seed 20260921
DAZ2	HGNC:15964	57055	ENSG00000205944	deleted in azoospermia 2	Q13117		pDP1678|MGC126442	schizophrenia	random	0			HGNC protein-coding, random seed 20260921
RNF144A	HGNC:20457	9781	ENSG00000151692	ring finger protein 144A	P50876		UBCE7IP4|KIAA0161|hUIP4|RNF144	schizophrenia	random	0			HGNC protein-coding, random seed 20260921
SLC24A2	HGNC:10976	25769	ENSG00000155886	solute carrier family 24 member 2	Q9UI40		NCKX2	schizophrenia	random	0			HGNC protein-coding, random seed 20260921
OR2M7	HGNC:19594	391196	ENSG00000177186	olfactory receptor family 2 subfamily M member 7	Q8NG81			schizophrenia	random	0			HGNC protein-coding, random seed 20260921
IFIT2	HGNC:5409	3433	ENSG00000119922	interferon induced protein with tetratricopeptide repeats 2	P09913		IFI-54|ISG-54K|ISG-54|cig42|GARG-39|IFI54|G10P2	schizophrenia	random	0			HGNC protein-coding, random seed 20260921
JADE2	HGNC:22984	23338	ENSG00000043143	jade family PHD finger 2	Q9NQC1		KIAA0239|JADE-2|PHF15	schizophrenia	random	0			HGNC protein-coding, random seed 20260921
TRIM32	HGNC:16380	22954	ENSG00000119401	tripartite motif containing 32	Q13049		HT2A|TATIP|BBS11|LGMD2H	schizophrenia	random	0			HGNC protein-coding, random seed 20260921
TSPY10	HGNC:37473	100289087	ENSG00000236424	testis specific protein Y-linked 10	P0CW01			schizophrenia	random	0			HGNC protein-coding, random seed 20260921
TSR3	HGNC:14175	115939	ENSG00000007520	TSR3 ribosome maturation factor	Q9UJK0		MGC24381|C16orf42	schizophrenia	random	0			HGNC protein-coding, random seed 20260921
SUCNR1	HGNC:4542	56670	ENSG00000198829	succinate receptor 1	Q9BXA5		GPR91	schizophrenia	random	0			HGNC protein-coding, random seed 20260921
TLCD1	HGNC:25177	116238	ENSG00000160606	TLC domain containing 1	Q96CP7			schizophrenia	random	0			HGNC protein-coding, random seed 20260921
TRMT10C	HGNC:26022	54931	ENSG00000174173	tRNA methyltransferase 10C, mitochondrial RNase P subunit	Q7L0Y3		FLJ20432|MRPP1|RG9MTD1	schizophrenia	random	0			HGNC protein-coding, random seed 20260921
CYP2C9	HGNC:2623	1559	ENSG00000138109	cytochrome P450 family 2 subfamily C member 9	P11712		P450IIC9|CYP2C10	schizophrenia	random	0			HGNC protein-coding, random seed 20260921
TDRP	HGNC:26951	157695	ENSG00000180190	testis development related protein	Q86YL5		INM01|TDRP1|TDRP2|C8orf42	schizophrenia	random	0			HGNC protein-coding, random seed 20260921
BCL2L2	HGNC:995	599	ENSG00000129473	BCL2 like 2	Q92843		KIAA0271|BCL-W|PPP1R51	schizophrenia	random	0			HGNC protein-coding, random seed 20260921
CBFB	HGNC:1539	865	ENSG00000067955	core-binding factor subunit beta	Q13951		PEBP2B	schizophrenia	random	0			HGNC protein-coding, random seed 20260921
AK1	HGNC:361	203	ENSG00000106992	adenylate kinase 1	P00568		ADK|Adk1	schizophrenia	random	0			HGNC protein-coding, random seed 20260921
CPHXL	HGNC:51815	105371346	ENSG00000283755	cytoplasmic polyadenylated homeobox like	A0A1W2PPM1			schizophrenia	random	0			HGNC protein-coding, random seed 20260921
ACLY	HGNC:115	47	ENSG00000131473	ATP citrate lyase	P53396		ATPCL|CLATP|ACL	schizophrenia	random	0			HGNC protein-coding, random seed 20260921
MRPS18B	HGNC:14516	28973	ENSG00000204568	mitochondrial ribosomal protein S18B	Q9Y676		MRPS18-2|PTD017|C6orf14|HSPC183|mS40	schizophrenia	random	0			HGNC protein-coding, random seed 20260921
EPCAM	HGNC:11529	4072	ENSG00000119888	epithelial cell adhesion molecule	P16422		Ly74|TROP1|GA733-2|EGP34|EGP40|EGP-2|KSA|CD326|Ep-CAM|HEA125|KS1/4|MK-1|MH99|MOC31|MOC-31|323/A3|17-1A|TACST-1|CO-17A|ESA|BerEp4|Ber-Ep4|M4S1|MIC18|TACSTD1	schizophrenia	random	0			HGNC protein-coding, random seed 20260921
SYT5	HGNC:11513	6861	ENSG00000129990	synaptotagmin 5	O00445			schizophrenia	random	0			HGNC protein-coding, random seed 20260921
TMEM114	HGNC:33227	283953	ENSG00000232258	transmembrane protein 114	B3SHH9			schizophrenia	random	0			HGNC protein-coding, random seed 20260921
FOXM1	HGNC:3818	2305	ENSG00000111206	forkhead box M1	Q08050		HFH-11|trident|HNF-3|INS-1|MPP2|MPHOSPH2|TGT3|FKHL16	schizophrenia	random	0			HGNC protein-coding, random seed 20260921
SHISA9	HGNC:37231	729993	ENSG00000237515	shisa family member 9	B4DS77			schizophrenia	random	0			HGNC protein-coding, random seed 20260921
FA2H	HGNC:21197	79152	ENSG00000103089	fatty acid 2-hydroxylase	Q7L5A8		FAAH|FLJ25287|FAXDC1|SPG35	schizophrenia	random	0			HGNC protein-coding, random seed 20260921
LYSMD3	HGNC:26969	116068	ENSG00000176018	LysM domain containing 3	Q7Z3D4		FLJ13542	schizophrenia	random	0			HGNC protein-coding, random seed 20260921
EXOSC9	HGNC:9137	5393	ENSG00000123737	exosome component 9	Q06265		PM/Scl-75|Rrp45p|RRP45|p5|p6|PMSCL1	schizophrenia	random	0			HGNC protein-coding, random seed 20260921
OR2H2	HGNC:8253	7932	ENSG00000204657	olfactory receptor family 2 subfamily H member 2	O95918		hs6M1-12	schizophrenia	random	0			HGNC protein-coding, random seed 20260921
ATP5IF1	HGNC:871	93974	ENSG00000130770	ATP synthase inhibitory factor subunit 1	Q9UII2		ATPI|IP|ATPIP|MGC1167|MGC8898|ATPIF1	schizophrenia	random	0			HGNC protein-coding, random seed 20260921
FSD1L	HGNC:13753	83856	ENSG00000106701	fibronectin type III and SPRY domain containing 1 like	Q9BXM9		CSDUFD1|CCDC10|FSD1NL|FSD1CL	schizophrenia	random	0			HGNC protein-coding, random seed 20260921
ADD1	HGNC:243	118	ENSG00000087274	adducin 1	P35611			schizophrenia	random	0			HGNC protein-coding, random seed 20260921
MYCL	HGNC:7555	4610	ENSG00000116990	MYCL proto-oncogene, bHLH transcription factor	P12524		LMYC|bHLHe38|MYCL1	schizophrenia	random	0			HGNC protein-coding, random seed 20260921
NDP	HGNC:7678	4693	ENSG00000124479	norrin cystine knot growth factor NDP	Q00604		norrin|EVR2	schizophrenia	random	0			HGNC protein-coding, random seed 20260921
PPM1G	HGNC:9278	5496	ENSG00000115241	protein phosphatase, Mg2+/Mn2+ dependent 1G	O15355		PP2CG|PP2Cgamma	schizophrenia	random	0			HGNC protein-coding, random seed 20260921
PUM2	HGNC:14958	23369	ENSG00000055917	pumilio RNA binding family member 2	Q8TB72		PUMH2|KIAA0235	schizophrenia	random	0			HGNC protein-coding, random seed 20260921
NDEL1	HGNC:17620	81565	ENSG00000166579	nudE neurodevelopment protein 1 like 1	Q9GZM8		NUDEL|MITAP1|NDE1L1|NDE2	schizophrenia	random	0			HGNC protein-coding, random seed 20260921
ZNF865	HGNC:38705	100507290	ENSG00000261221	zinc finger protein 865	P0CJ78			schizophrenia	random	0			HGNC protein-coding, random seed 20260921
SLC30A3	HGNC:11014	7781	ENSG00000115194	solute carrier family 30 member 3	Q99726		ZNT3	schizophrenia	random	0			HGNC protein-coding, random seed 20260921
RIMKLA	HGNC:28725	284716	ENSG00000177181	ribosomal modification protein rimK like family member A	Q8IXN7		MGC47816|RP11-157D18.1|NAAGS-II|FAM80A	schizophrenia	random	0			HGNC protein-coding, random seed 20260921
SLC9A5	HGNC:11078	6553	ENSG00000135740	solute carrier family 9 member A5	Q14940		NHE5	schizophrenia	random	0			HGNC protein-coding, random seed 20260921
XAGE5	HGNC:30930	170627	ENSG00000171405	X antigen family member 5	Q8WWM1		XAGE-5|CT12.5|GAGED5	schizophrenia	random	0			HGNC protein-coding, random seed 20260921
ANKHD1	HGNC:24714	54882	ENSG00000131503	ankyrin repeat and KH domain containing 1	Q8IWZ3		MASK|FLJ20288|FLJ11979|FLJ10042|FLJ14127|KIAA1085|MASK1	schizophrenia	random	0			HGNC protein-coding, random seed 20260921
MAVS	HGNC:29233	57506	ENSG00000088888	mitochondrial antiviral signaling protein	Q7Z434		VISA|KIAA1271|IPS-1|Cardif	schizophrenia	random	0			HGNC protein-coding, random seed 20260921
GPR137C	HGNC:25445	283554	ENSG00000180998	G protein-coupled receptor 137C	Q8N3F9		DKFZp762F0713|TM7SF1L2	schizophrenia	random	0			HGNC protein-coding, random seed 20260921
LMNTD1	HGNC:26683	160492	ENSG00000152936	lamin tail domain containing 1	Q8N9Z9		FLJ36004|Pas1c1|IFLTD1	schizophrenia	random	0			HGNC protein-coding, random seed 20260921
PSMD9	HGNC:9567	5715	ENSG00000110801	proteasome 26S subunit, non-ATPase 9	O00233		p27|Rpn4	schizophrenia	random	0			HGNC protein-coding, random seed 20260921
CYTH2	HGNC:9502	9266	ENSG00000105443	cytohesin 2	Q99418		CTS18.1|Sec7p-L|ARNO|Sec7p-like|cytohesin-2|PSCD2L|PSCD2	schizophrenia	random	0			HGNC protein-coding, random seed 20260921
RBM45	HGNC:24468	129831	ENSG00000155636	RNA binding motif protein 45	Q8IUH3		DRB1|FLJ44612	schizophrenia	random	0			HGNC protein-coding, random seed 20260921
CC2D1B	HGNC:29386	200014	ENSG00000154222	coiled-coil and C2 domain containing 1B	Q5T0F9		KIAA1836|Freud-2|Lgd1	schizophrenia	random	0			HGNC protein-coding, random seed 20260921
GPT2	HGNC:18062	84706	ENSG00000166123	glutamic--pyruvic transaminase 2	Q8TD30		ALT2	schizophrenia	random	0			HGNC protein-coding, random seed 20260921
ZNF133	HGNC:12917	7692	ENSG00000125846	zinc finger protein 133	P52736		pHZ-13|pHZ-66|ZNF150	schizophrenia	random	0			HGNC protein-coding, random seed 20260921
AKTIP	HGNC:16710	64400	ENSG00000166971	AKT interacting protein	Q9H8T0		FLJ13258|FTS	schizophrenia	random	0			HGNC protein-coding, random seed 20260921
FRAT2	HGNC:16048	23401	ENSG00000181274	FRAT regulator of Wnt signaling pathway 2	O75474			schizophrenia	random	0			HGNC protein-coding, random seed 20260921
HOXD4	HGNC:5138	3233	ENSG00000170166	homeobox D4	P09016		HOX4B|HOX4	schizophrenia	random	0			HGNC protein-coding, random seed 20260921
SOS2	HGNC:11188	6655	ENSG00000100485	SOS Ras/Rho guanine nucleotide exchange factor 2	Q07890			schizophrenia	random	0			HGNC protein-coding, random seed 20260921
PIM3	HGNC:19310	415116	ENSG00000198355	Pim-3 proto-oncogene, serine/threonine kinase	Q86V86			schizophrenia	random	0			HGNC protein-coding, random seed 20260921
CCDC117	HGNC:26599	150275	ENSG00000159873	coiled-coil domain containing 117	Q8IWD4		FLJ33814	schizophrenia	random	0			HGNC protein-coding, random seed 20260921
SLC7A1	HGNC:11057	6541	ENSG00000139514	solute carrier family 7 member 1	P30825		CAT-1|HCAT1|REC1L|ERR|ATRC1	schizophrenia	random	0			HGNC protein-coding, random seed 20260921
ZNF319	HGNC:13644	57567	ENSG00000166188	zinc finger protein 319	Q9P2F9		KIAA1388|Zfp319	schizophrenia	random	0			HGNC protein-coding, random seed 20260921
ZMAT2	HGNC:26433	153527	ENSG00000146007	zinc finger matrin-type 2	Q96NC0		FLJ31121|hSNU23|Snu23	schizophrenia	random	0			HGNC protein-coding, random seed 20260921
COX4I2	HGNC:16232	84701	ENSG00000131055	cytochrome c oxidase subunit 4I2	Q96KJ9		COXIV-2|COX4B|dJ857M17.2|COX4-2|COX4L2	schizophrenia	random	0			HGNC protein-coding, random seed 20260921
TULP1	HGNC:12423	7287	ENSG00000112041	TUB like protein 1	O00294		TUBL1|LCA15|RP14	schizophrenia	random	0			HGNC protein-coding, random seed 20260921
FOXD4L6	HGNC:31986	653404	ENSG00000273514	forkhead box D4 like 6	Q3SYB3		OTTHUMG00000066822	schizophrenia	random	0			HGNC protein-coding, random seed 20260921
GPR17	HGNC:4471	2840	ENSG00000144230	G protein-coupled receptor 17	Q13304			schizophrenia	random	0			HGNC protein-coding, random seed 20260921
HS1BP3	HGNC:24979	64342	ENSG00000118960	HCLS1 binding protein 3	Q53T59		HS1-BP3|FLJ14249	schizophrenia	random	0			HGNC protein-coding, random seed 20260921
RAPGEF2	HGNC:16854	9693	ENSG00000109756	Rap guanine nucleotide exchange factor 2	Q9Y4G8		PDZ-GEF1|RA-GEF|DKFZP586O1422|KIAA0313|PDZGEF1	schizophrenia	random	0			HGNC protein-coding, random seed 20260921
XIRP2	HGNC:14303	129446	ENSG00000163092	xin actin binding repeat containing 2	A4UGR9		CMYA3	schizophrenia	random	0			HGNC protein-coding, random seed 20260921
CLK2	HGNC:2069	1196	ENSG00000176444	CDC like kinase 2	P49760			schizophrenia	random	0			HGNC protein-coding, random seed 20260921
DIO1	HGNC:2883	1733	ENSG00000211452	iodothyronine deiodinase 1	P49895		TXDI1	schizophrenia	random	0			HGNC protein-coding, random seed 20260921
REG1A	HGNC:9951	5967	ENSG00000115386	regenerating family member 1 alpha	P05451		PSP|PTP|PSPS|PSPS1|REG	schizophrenia	random	0			HGNC protein-coding, random seed 20260921
HCK	HGNC:4840	3055	ENSG00000101336	HCK proto-oncogene, Src family tyrosine kinase	P08631		JTK9	schizophrenia	random	0			HGNC protein-coding, random seed 20260921
PGM2L1	HGNC:20898	283209	ENSG00000165434	phosphoglucomutase 2 like 1	Q6PCE3		FLJ32029|BM32A	schizophrenia	random	0			HGNC protein-coding, random seed 20260921
EIF4G1	HGNC:3296	1981	ENSG00000114867	eukaryotic translation initiation factor 4 gamma 1	Q04637		p220|PARK18|EIF4G|EIF4F	schizophrenia	random	0			HGNC protein-coding, random seed 20260921
CCDC62	HGNC:30723	84660	ENSG00000130783	coiled-coil domain containing 62	Q6P9F0		TSP-NY|FLJ40344|CT109|ERAP75	schizophrenia	random	0			HGNC protein-coding, random seed 20260921
ZNF517	HGNC:27984	340385	ENSG00000197363	zinc finger protein 517	Q6ZMY9			schizophrenia	random	0			HGNC protein-coding, random seed 20260921
DIDO1	HGNC:2680	11083	ENSG00000101191	death inducer-obliterator 1	Q9BTC0		DIO1|dJ885L7.8|FLJ11265|KIAA0333|DIO-1|BYE1|C20orf158|DATF1	schizophrenia	random	0			HGNC protein-coding, random seed 20260921
KCNS2	HGNC:6301	3788	ENSG00000156486	potassium voltage-gated channel modifier subfamily S member 2	Q9ULS6		Kv9.2	schizophrenia	random	0			HGNC protein-coding, random seed 20260921
EGR2	HGNC:3239	1959	ENSG00000122877	early growth response 2	P11161		KROX20	schizophrenia	random	0			HGNC protein-coding, random seed 20260921
ASAH1	HGNC:735	427	ENSG00000104763	N-acylsphingosine amidohydrolase 1	Q13510		AC|PHP32|FLJ21558|ACDase|ASAH	schizophrenia	random	0			HGNC protein-coding, random seed 20260921
APOB	HGNC:603	338	ENSG00000084674	apolipoprotein B	P04114		ApoB-100	schizophrenia	random	0			HGNC protein-coding, random seed 20260921
CHD9NB	HGNC:53436	105371267	ENSG00000277639	CHD9 neighbor	A0A1B0GV96		PR-lncRNA-1	schizophrenia	random	0			HGNC protein-coding, random seed 20260921
C12orf57	HGNC:29521	113246	ENSG00000111678	chromosome 12 open reading frame 57	Q99622		GRCC10|C10	schizophrenia	random	0			HGNC protein-coding, random seed 20260921
FAM111A	HGNC:24725	63901	ENSG00000166801	FAM111 trypsin like peptidase A	Q96PZ2		FLJ22794|KIAA1895	schizophrenia	random	0			HGNC protein-coding, random seed 20260921
RELCH	HGNC:29289	57614	ENSG00000134444	RAB11 binding and LisH domain, coiled-coil and HEAT repeat containing	Q9P260		HsT885|HsT3308|FLJ33841|KIAA1468	schizophrenia	random	0			HGNC protein-coding, random seed 20260921
C1orf232	HGNC:53426	110806296	ENSG00000282872	chromosome 1 open reading frame 230	A0A0U1RR37			schizophrenia	random	0			HGNC protein-coding, random seed 20260921
LGALS8	HGNC:6569	3964	ENSG00000116977	galectin 8	O00214		PCTA-1	schizophrenia	random	0			HGNC protein-coding, random seed 20260921
KLK12	HGNC:6360	43849	ENSG00000186474	kallikrein related peptidase 12	Q9UKR0		KLK-L5	schizophrenia	random	0			HGNC protein-coding, random seed 20260921
COL24A1	HGNC:20821	255631	ENSG00000171502	collagen type XXIV alpha 1 chain	Q17RW2			schizophrenia	random	0			HGNC protein-coding, random seed 20260921
VCF2	HGNC:25085	90736	ENSG00000182518	VCP nuclear cofactor family member 2	Q5XKR9		FLJ20434|CXorf44|FAM104B	schizophrenia	random	0			HGNC protein-coding, random seed 20260921
SPA17	HGNC:11210	53340	ENSG00000064199	sperm autoantigenic protein 17	Q15506		SP17|CT22	schizophrenia	random	0			HGNC protein-coding, random seed 20260921
RMDN2	HGNC:26567	151393	ENSG00000115841	regulator of microtubule dynamics 2	Q96LZ7		FLJ32954|RMD2|FAM82A|FAM82A1	schizophrenia	random	0			HGNC protein-coding, random seed 20260921
TLDC2	HGNC:16112	140711	ENSG00000101342	TBC/LysM-associated domain containing 2	A0PJX2		dJ132F21.2|C20orf118	schizophrenia	random	0			HGNC protein-coding, random seed 20260921
RASA4	HGNC:23181	10156	ENSG00000105808	RAS p21 protein activator 4	O43374		KIAA0538|CAPRI|GAPL	schizophrenia	random	0			HGNC protein-coding, random seed 20260921
HAUS8	HGNC:30532	93323	ENSG00000131351	HAUS augmin like complex subunit 8	Q9BT25		MGC20533|NY-SAR-48|HICE1	schizophrenia	random	0			HGNC protein-coding, random seed 20260921
ETNK1	HGNC:24649	55500	ENSG00000139163	ethanolamine kinase 1	Q9HBU6		EKI1|EKI	schizophrenia	random	0			HGNC protein-coding, random seed 20260921
CMSS1	HGNC:28666	84319	ENSG00000184220	cms1 ribosomal small subunit homolog	Q9BQ75		MGC4308|C3orf26	schizophrenia	random	0			HGNC protein-coding, random seed 20260921
OTUD3	HGNC:29038	23252	ENSG00000169914	OTU deubiquitinase 3	Q5T2D3		KIAA0459|DUBA4	schizophrenia	random	0			HGNC protein-coding, random seed 20260921
PLEKHA4	HGNC:14339	57664	ENSG00000105559	pleckstrin homology domain containing A4	Q9H4M7		PEPP1	schizophrenia	random	0			HGNC protein-coding, random seed 20260921
RBPMS2	HGNC:19098	348093	ENSG00000166831	RNA binding protein, mRNA processing factor 2	Q6ZRY4			schizophrenia	random	0			HGNC protein-coding, random seed 20260921
DBP	HGNC:2697	1628	ENSG00000105516	D-box binding PAR bZIP transcription factor	Q10586		DABP	schizophrenia	random	0			HGNC protein-coding, random seed 20260921
ATP8A1	HGNC:13531	10396	ENSG00000124406	ATPase phospholipid transporting 8A1	Q9Y2Q0		ATPIA	schizophrenia	random	0			HGNC protein-coding, random seed 20260921
TRAF4	HGNC:12034	9618	ENSG00000076604	TNF receptor associated factor 4	Q9BUZ4		CART1|MLN62|RNF83	schizophrenia	random	0			HGNC protein-coding, random seed 20260921
PRKD3	HGNC:9408	23683	ENSG00000115825	protein kinase D3	O94806		PKD3|EPK2|PRKCN	schizophrenia	random	0			HGNC protein-coding, random seed 20260921
NANOS3	HGNC:22048	342977	ENSG00000187556	nanos C2HC-type zinc finger 3	P60323		NANOS1L|NOS3	schizophrenia	random	0			HGNC protein-coding, random seed 20260921
MED11	HGNC:32687	400569	ENSG00000161920	mediator complex subunit 11	Q9P086		HSPC296|MGC88387	schizophrenia	random	0			HGNC protein-coding, random seed 20260921
CRIP2	HGNC:2361	1397	ENSG00000182809	cysteine rich protein 2	P52943		CRP2|ESP1	schizophrenia	random	0			HGNC protein-coding, random seed 20260921
MUC5AC	HGNC:7515	4586	ENSG00000215182	mucin 5AC, oligomeric mucus/gel-forming	P98088		MUC5	schizophrenia	random	0			HGNC protein-coding, random seed 20260921
C11orf96	HGNC:38675	387763	ENSG00000187479	chromosome 11 open reading frame 96	Q7Z7L8		AG2	schizophrenia	random	0			HGNC protein-coding, random seed 20260921
LRRC14	HGNC:20419	9684	ENSG00000160959	leucine rich repeat containing 14	Q15048		KIAA0014|LRRC14A	schizophrenia	random	0			HGNC protein-coding, random seed 20260921
SCGB1D4	HGNC:31748	404552	ENSG00000197745	secretoglobin family 1D member 4	Q6XE38		IIS	schizophrenia	random	0			HGNC protein-coding, random seed 20260921
HRK	HGNC:5185	8739	ENSG00000135116	harakiri, BCL2 interacting protein	O00198		DP5	schizophrenia	random	0			HGNC protein-coding, random seed 20260921
TMED4	HGNC:22301	222068	ENSG00000158604	transmembrane p24 trafficking protein 4	Q7Z7H5		HNLF|p24alpha3|p24a3	schizophrenia	random	0			HGNC protein-coding, random seed 20260921
SLC1A7	HGNC:10945	6512	ENSG00000162383	solute carrier family 1 member 7	O00341		EAAT5	schizophrenia	random	0			HGNC protein-coding, random seed 20260921
GPR65	HGNC:4517	8477	ENSG00000140030	G protein-coupled receptor 65	Q8IYL9		hTDAG8|TDAG8	schizophrenia	random	0			HGNC protein-coding, random seed 20260921
ZNF492	HGNC:23707	57615	ENSG00000229676	zinc finger protein 492	Q9P255		KIAA1473|ZNF115	schizophrenia	random	0			HGNC protein-coding, random seed 20260921
SMCO3	HGNC:34401	440087	ENSG00000179256	single-pass membrane protein with coiled-coil domains 3	A2RU48		LOC440087|C12orf69	schizophrenia	random	0			HGNC protein-coding, random seed 20260921
TPRX1	HGNC:32174	284355	ENSG00000178928	tetrapeptide repeat homeobox 1	Q8N7U7		FLJ40321	schizophrenia	random	0			HGNC protein-coding, random seed 20260921
PILRA	HGNC:20396	29992	ENSG00000085514	paired immunoglobin like type 2 receptor alpha	Q9UKJ1		FDF03	schizophrenia	random	0			HGNC protein-coding, random seed 20260921
HSPA4L	HGNC:17041	22824	ENSG00000164070	heat shock protein family A (Hsp70) member 4 like	O95757		APG-1|Osp94|HSPH3	schizophrenia	random	0			HGNC protein-coding, random seed 20260921
GALNT3	HGNC:4125	2591	ENSG00000115339	polypeptide N-acetylgalactosaminyltransferase 3	Q14435		GalNAc-T3|HHS|HFTC	schizophrenia	random	0			HGNC protein-coding, random seed 20260921
RTTN	HGNC:18654	25914	ENSG00000176225	rotatin	Q86VV8		DKFZP434G145	schizophrenia	random	0			HGNC protein-coding, random seed 20260921
FOXN4	HGNC:21399	121643	ENSG00000139445	forkhead box N4	Q96NZ1			schizophrenia	random	0			HGNC protein-coding, random seed 20260921
DDIAS	HGNC:26351	220042	ENSG00000165490	DNA damage induced apoptosis suppressor	Q8IXT1		FLJ38838|FLJ25416|noxin|C11orf82	schizophrenia	random	0			HGNC protein-coding, random seed 20260921
IPO7	HGNC:9852	10527	ENSG00000205339	importin 7	O95373		Imp7|RANBP7	schizophrenia	random	0			HGNC protein-coding, random seed 20260921
KCNN4	HGNC:6293	3783	ENSG00000104783	potassium calcium-activated channel subfamily N member 4	O15554		KCa3.1|hSK4|hKCa4|hIKCa1|IK	schizophrenia	random	0			HGNC protein-coding, random seed 20260921
ZAR1	HGNC:20436	326340	ENSG00000182223	zygote arrest 1	Q86SH2		Z3CXXC6	schizophrenia	random	0			HGNC protein-coding, random seed 20260921
STAG3	HGNC:11356	10734	ENSG00000066923	STAG3 cohesin complex component	Q9UJ98		SA3	schizophrenia	random	0			HGNC protein-coding, random seed 20260921
B3GALT6	HGNC:17978	126792	ENSG00000176022	beta-1,3-galactosyltransferase 6	Q96L58		beta3GalT6	schizophrenia	random	0			HGNC protein-coding, random seed 20260921
SLC25A26	HGNC:20661	115286	ENSG00000144741	solute carrier family 25 member 26	Q70HW3		SAMC	schizophrenia	random	0			HGNC protein-coding, random seed 20260921
NT5DC1	HGNC:21556	221294	ENSG00000178425	5'-nucleotidase domain containing 1	Q5TFE4		dJ486I3.1|MGC24302|NT5C2L1	schizophrenia	random	0			HGNC protein-coding, random seed 20260921
KHDC3L	HGNC:33699	154288	ENSG00000203908	KH domain containing 3 like, subcortical maternal complex member	Q587J8		ECAT1|C6orf221	schizophrenia	random	0			HGNC protein-coding, random seed 20260921
KLF11	HGNC:11811	8462	ENSG00000172059	KLF transcription factor 11	O14901		Tieg3|MODY7|FKLF|TIEG2	schizophrenia	random	0			HGNC protein-coding, random seed 20260921
MAGEA3	HGNC:6801	4102	ENSG00000221867	MAGE family member A3	P43357		HYPD|HIP8|MGC14613|CT1.3|MAGE3	schizophrenia	random	0			HGNC protein-coding, random seed 20260921
ANKRD6	HGNC:17280	22881	ENSG00000135299	ankyrin repeat domain 6	Q9Y2G4		KIAA0957	schizophrenia	random	0			HGNC protein-coding, random seed 20260921
CLEC12B	HGNC:31966	387837	ENSG00000256660	C-type lectin domain family 12 member B	Q2HXU8			schizophrenia	random	0			HGNC protein-coding, random seed 20260921
TMEM68	HGNC:26510	137695	ENSG00000167904	transmembrane protein 68	Q96MH6		FLJ32370|DIESL	schizophrenia	random	0			HGNC protein-coding, random seed 20260921
BBX	HGNC:14422	56987	ENSG00000114439	BBX high mobility group box domain containing	Q8WY36		MDS001|HSPC339|HBP2	schizophrenia	random	0			HGNC protein-coding, random seed 20260921
DDX51	HGNC:20082	317781	ENSG00000185163	DEAD-box helicase 51	Q8N8A6			schizophrenia	random	0			HGNC protein-coding, random seed 20260921
LEO1	HGNC:30401	123169	ENSG00000166477	LEO1 component of Paf1/RNA polymerase II complex	Q8WVC0			schizophrenia	random	0			HGNC protein-coding, random seed 20260921
RASA1	HGNC:9871	5921	ENSG00000145715	RAS p21 protein activator 1	P20936		GAP|CM-AVM|p120GAP|p120RASGAP|p120|RASA	schizophrenia	random	0			HGNC protein-coding, random seed 20260921
PNPLA7	HGNC:24768	375775	ENSG00000130653	patatin like domain 7, lysophospholipase	Q6ZV29		FLJ43070|FLJ31318|FLJ44279|RP11-48C7.2|NTEL1|NTE-R1|C9orf111	schizophrenia	random	0			HGNC protein-coding, random seed 20260921
SRPK3	HGNC:11402	26576	ENSG00000184343	SRSF protein kinase 3	Q9UPE1		MSSK1|STK23	schizophrenia	random	0			HGNC protein-coding, random seed 20260921
FAM220A	HGNC:22422	84792	ENSG00000178397	family with sequence similarity 220 member A	Q7Z4H9		SIPAR|MGC12966|ACPIN1|C7orf70	schizophrenia	random	0			HGNC protein-coding, random seed 20260921
OR4A16	HGNC:15153	81327	ENSG00000181961	olfactory receptor family 4 subfamily A member 16	Q8NH70		OR4A16Q	schizophrenia	random	0			HGNC protein-coding, random seed 20260921
ZNF606	HGNC:25879	80095	ENSG00000166704	zinc finger protein 606	Q8WXB4		FLJ14260|KIAA1852|ZNF328	schizophrenia	random	0			HGNC protein-coding, random seed 20260921
BCAP29	HGNC:24131	55973	ENSG00000075790	B cell receptor associated protein 29	Q9UHQ4		BAP29|DKFZp686M2086	schizophrenia	random	0			HGNC protein-coding, random seed 20260921
GPRASP1	HGNC:24834	9737	ENSG00000198932	G protein-coupled receptor associated sorting protein 1	Q5JY77		GASP|GASP1	schizophrenia	random	0			HGNC protein-coding, random seed 20260921
PIK3C2B	HGNC:8972	5287	ENSG00000133056	phosphatidylinositol-4-phosphate 3-kinase catalytic subunit type 2 beta	O00750		C2-PI3K|PI3K-C2beta	schizophrenia	random	0			HGNC protein-coding, random seed 20260921
SLC41A2	HGNC:31045	84102	ENSG00000136052	solute carrier family 41 member 2	Q96JW4		DKFZP434K0427	schizophrenia	random	0			HGNC protein-coding, random seed 20260921
UGT2B4	HGNC:12553	7363	ENSG00000156096	UDP glucuronosyltransferase family 2 member B4	P06133		UGT2B11	schizophrenia	random	0			HGNC protein-coding, random seed 20260921
CLDN14	HGNC:2035	23562	ENSG00000159261	claudin 14	O95500		DFNB29	schizophrenia	random	0			HGNC protein-coding, random seed 20260921
RXFP2	HGNC:17318	122042	ENSG00000133105	relaxin family peptide receptor 2	Q8WXD0		GREAT|GPR106|INSL3R|RXFPR2|LGR8	schizophrenia	random	0			HGNC protein-coding, random seed 20260921
IL17RB	HGNC:18015	55540	ENSG00000056736	interleukin 17 receptor B	Q9NRM6		IL17RH1|EVI27|CRL4|IL17BR	schizophrenia	random	0			HGNC protein-coding, random seed 20260921
TAF11L2	HGNC:53845	391742	ENSG00000284373	TATA-box binding protein associated factor 11 like 2	A6NLC8			schizophrenia	random	0			HGNC protein-coding, random seed 20260921
NCR3	HGNC:19077	259197	ENSG00000204475	natural cytotoxicity triggering receptor 3	O14931		1C7|NKp30|CD337|LY117	schizophrenia	random	0			HGNC protein-coding, random seed 20260921
FBXO32	HGNC:16731	114907	ENSG00000156804	F-box protein 32	Q969P5		MAFbx|ATROGIN1|Fbx32	schizophrenia	random	0			HGNC protein-coding, random seed 20260921
SLC48A1	HGNC:26035	55652	ENSG00000211584	solute carrier family 48 member 1	Q6P1K1		FLJ20489|hHRG-1|HRG1	schizophrenia	random	0			HGNC protein-coding, random seed 20260921
DNAJC19	HGNC:30528	131118	ENSG00000205981	DnaJ heat shock protein family (Hsp40) member C19	Q96DA6		TIMM14|Tim14|Pam18	schizophrenia	random	0			HGNC protein-coding, random seed 20260921
SUPT4H1	HGNC:11467	6827	ENSG00000213246	SPT4 homolog, DSIF elongation factor subunit	P63272		SPT4H|Spt4|Supt4a|SUPT4H	schizophrenia	random	0			HGNC protein-coding, random seed 20260921
HMX2	HGNC:5018	3167	ENSG00000188816	H6 family homeobox 2	A2RU54		NKX5-2	schizophrenia	random	0			HGNC protein-coding, random seed 20260921
ANKRD60	HGNC:16217	140731	ENSG00000124227	ankyrin repeat domain 60	Q9BZ19		bA196N14.3|C20orf86	schizophrenia	random	0			HGNC protein-coding, random seed 20260921
SLC22A23	HGNC:21106	63027	ENSG00000137266	solute carrier family 22 member 23	A1A5C7		FLJ22174|C6orf85	schizophrenia	random	0			HGNC protein-coding, random seed 20260921
SSR3	HGNC:11325	6747	ENSG00000114850	signal sequence receptor subunit 3	Q9UNL2		TRAPG	schizophrenia	random	0			HGNC protein-coding, random seed 20260921
SLC16A10	HGNC:17027	117247	ENSG00000112394	solute carrier family 16 member 10	Q8TF71		TAT1|MCT10	schizophrenia	random	0			HGNC protein-coding, random seed 20260921
MCF2L	HGNC:14576	23263	ENSG00000126217	MCF.2 cell line derived transforming sequence like	O15068		KIAA0362|DBS|OST|ARHGEF14	schizophrenia	random	0			HGNC protein-coding, random seed 20260921
RNF169	HGNC:26961	254225	ENSG00000166439	ring finger protein 169	Q8NCN4		KIAA1991	schizophrenia	random	0			HGNC protein-coding, random seed 20260921
CENPA	HGNC:1851	1058	ENSG00000115163	centromere protein A	P49450		CENP-A|CenH3	schizophrenia	random	0			HGNC protein-coding, random seed 20260921
SQLE	HGNC:11279	6713	ENSG00000104549	squalene epoxidase	Q14534			schizophrenia	random	0			HGNC protein-coding, random seed 20260921
EMP3	HGNC:3335	2014	ENSG00000142227	epithelial membrane protein 3 (MAM blood group)	P54852		YMP	schizophrenia	random	0			HGNC protein-coding, random seed 20260921
HSPA13	HGNC:11375	6782	ENSG00000155304	heat shock protein family A (Hsp70) member 13	P48723		STCH	schizophrenia	random	0			HGNC protein-coding, random seed 20260921
ANKRD36C	HGNC:32946	400986	ENSG00000174501	ankyrin repeat domain 36C	Q5JPF3		DKFZp667P0924	schizophrenia	random	0			HGNC protein-coding, random seed 20260921
RAMP2	HGNC:9844	10266	ENSG00000131477	receptor activity modifying protein 2	O60895			schizophrenia	random	0			HGNC protein-coding, random seed 20260921
PUF60	HGNC:17042	22827	ENSG00000179950	poly(U) binding splicing factor 60	Q9UHX1		FIR|SIAHBP1|RoBPI	schizophrenia	random	0			HGNC protein-coding, random seed 20260921
SOX5	HGNC:11201	6660	ENSG00000134532	SRY-box transcription factor 5	P35711		L-SOX5|MGC35153	schizophrenia	random	0			HGNC protein-coding, random seed 20260921
KLHL23	HGNC:27506	151230	ENSG00000213160	kelch like family member 23	Q8NBE8		MGC2610|FLJ37812|MGC22679	schizophrenia	random	0			HGNC protein-coding, random seed 20260921
PXK	HGNC:23326	54899	ENSG00000168297	PX domain containing serine/threonine kinase like	Q7Z7A4		FLJ20335|Slob	schizophrenia	random	0			HGNC protein-coding, random seed 20260921
GRM4	HGNC:4596	2914	ENSG00000124493	glutamate metabotropic receptor 4	Q14833		GPRC1D|mGlu4|MGLUR4	schizophrenia	random	0			HGNC protein-coding, random seed 20260921
GOLGA6L1	HGNC:37444	283767	ENSG00000273976	golgin A6 family like 1	Q8N7Z2			schizophrenia	random	0			HGNC protein-coding, random seed 20260921
ARVCF	HGNC:728	421	ENSG00000099889	ARVCF delta catenin family member	O00192			schizophrenia	random	0			HGNC protein-coding, random seed 20260921
ZNF343	HGNC:16017	79175	ENSG00000088876	zinc finger protein 343	Q6P1L6		MGC10715	schizophrenia	random	0			HGNC protein-coding, random seed 20260921
CCDC126	HGNC:22398	90693	ENSG00000169193	coiled-coil domain containing 126	Q96EE4		FLJ23031	schizophrenia	random	0			HGNC protein-coding, random seed 20260921
ARHGEF3	HGNC:683	50650	ENSG00000163947	Rho guanine nucleotide exchange factor 3	Q9NR81		STA3|XPLN|GEF3|DKFZP434F2429	schizophrenia	random	0			HGNC protein-coding, random seed 20260921
YARS2	HGNC:24249	51067	ENSG00000139131	tyrosyl-tRNA synthetase 2	Q9Y2Z4		FLJ13995|CGI-04|mt-TyrRS	schizophrenia	random	0			HGNC protein-coding, random seed 20260921
CPSF1	HGNC:2324	29894	ENSG00000071894	cleavage and polyadenylation specific factor 1	Q10570		CPSF160	schizophrenia	random	0			HGNC protein-coding, random seed 20260921
MMEL1	HGNC:14668	79258	ENSG00000142606	membrane metalloendopeptidase like 1	Q495T6		SEP|NL1|NL2|NEPII|MMEL2	schizophrenia	random	0			HGNC protein-coding, random seed 20260921
PNKP	HGNC:9154	11284	ENSG00000039650	polynucleotide kinase 3'-phosphatase	Q96T60		PNK	schizophrenia	random	0			HGNC protein-coding, random seed 20260921
URM1	HGNC:28378	81605	ENSG00000167118	ubiquitin related modifier 1	Q9BTM9		MGC2668|C9orf74	schizophrenia	random	0			HGNC protein-coding, random seed 20260921
SPRR1B	HGNC:11260	6699	ENSG00000169469	small proline rich protein 1B	P22528		GADD33|SPRR1	schizophrenia	random	0			HGNC protein-coding, random seed 20260921
CCDC181	HGNC:28051	57821	ENSG00000117477	coiled-coil domain containing 181	Q5TID7		FLJ25846|C1orf114	schizophrenia	random	0			HGNC protein-coding, random seed 20260921
NKX6-3	HGNC:26328	157848	ENSG00000165066	NK6 homeobox 3	A6NJ46		FLJ25169	schizophrenia	random	0			HGNC protein-coding, random seed 20260921
LY6G5C	HGNC:13932	80741	ENSG00000204428	lymphocyte antigen 6 family member G5C	Q5SRR4		G5c|NG33|C6orf20	schizophrenia	random	0			HGNC protein-coding, random seed 20260921
KREMEN1	HGNC:17550	83999	ENSG00000183762	kringle containing transmembrane protein 1	Q96MU8		KRM1|KREMEN	schizophrenia	random	0			HGNC protein-coding, random seed 20260921
SPANXN2	HGNC:33175	494119	ENSG00000268988	SPANX family member N2	Q5MJ10		SPANX-N2|CT11.7	schizophrenia	random	0			HGNC protein-coding, random seed 20260921
HNRNPCL3	HGNC:51235	649330	ENSG00000277058	heterogeneous nuclear ribonucleoprotein C like 3	B7ZW38			schizophrenia	random	0			HGNC protein-coding, random seed 20260921
CD302	HGNC:30843	9936	ENSG00000241399	CD302 molecule	Q8IX05		DCL-1|KIAA0022|BIMLEC|CLEC13A	schizophrenia	random	0			HGNC protein-coding, random seed 20260921
TACO1	HGNC:24316	51204	ENSG00000136463	translational activator of cytochrome c oxidase I	Q9BSH4		CCDC44	schizophrenia	random	0			HGNC protein-coding, random seed 20260921
RESP18	HGNC:33762	389075	ENSG00000182698	regulated endocrine specific protein 18	Q5W5W9			schizophrenia	random	0			HGNC protein-coding, random seed 20260921
RASL12	HGNC:30289	51285	ENSG00000103710	RAS like family 12	Q9NYN1		RIS	schizophrenia	random	0			HGNC protein-coding, random seed 20260921
MCEE	HGNC:16732	84693	ENSG00000124370	methylmalonyl-CoA epimerase	Q96PE7		GLOD2|MCE|MMCE	schizophrenia	random	0			HGNC protein-coding, random seed 20260921
RETN	HGNC:20389	56729	ENSG00000104918	resistin	Q9HD89		FIZZ3|ADSF|RETN1	schizophrenia	random	0			HGNC protein-coding, random seed 20260921
CTHRC1	HGNC:18831	115908	ENSG00000164932	collagen triple helix repeat containing 1	Q96CG8			schizophrenia	random	0			HGNC protein-coding, random seed 20260921
EHD4	HGNC:3245	30844	ENSG00000103966	EH domain containing 4	Q9H223		PAST4	schizophrenia	random	0			HGNC protein-coding, random seed 20260921
TNP1	HGNC:11951	7141	ENSG00000118245	transition protein 1	P09430			schizophrenia	random	0			HGNC protein-coding, random seed 20260921
FBXO34	HGNC:20201	55030	ENSG00000178974	F-box protein 34	Q9NWN3		FLJ20725|Fbx34	schizophrenia	random	0			HGNC protein-coding, random seed 20260921
FIG4	HGNC:16873	9896	ENSG00000112367	FIG4 phosphoinositide 5-phosphatase	Q92562		SAC3|hSac3|dJ249I4.1|ALS11|CMT4J|KIAA0274	schizophrenia	random	0			HGNC protein-coding, random seed 20260921
ANAPC10	HGNC:24077	10393	ENSG00000164162	anaphase promoting complex subunit 10	Q9UM13		APC10|DOC1|DKFZP564L0562	schizophrenia	random	0			HGNC protein-coding, random seed 20260921
SPIN1	HGNC:11243	10927	ENSG00000106723	spindlin 1	Q9Y657		TDRD24|SPIN	schizophrenia	random	0			HGNC protein-coding, random seed 20260921
PTTG2	HGNC:9691	10744	ENSG00000250254	pituitary tumor-transforming 2	Q9NZH5			schizophrenia	random	0			HGNC protein-coding, random seed 20260921
TBCE	HGNC:11582	6905	ENSG00000284770	tubulin folding cofactor E	Q15813		KCS1|pac2|KCS|HRD	schizophrenia	random	0			HGNC protein-coding, random seed 20260921
STK38L	HGNC:17848	23012	ENSG00000211455	serine/threonine kinase 38 like	Q9Y2H1		KIAA0965|NDR2	schizophrenia	random	0			HGNC protein-coding, random seed 20260921
MMUT	HGNC:7526	4594	ENSG00000146085	methylmalonyl-CoA mutase	P22033		MCM|MUT	schizophrenia	random	0			HGNC protein-coding, random seed 20260921
SAFB2	HGNC:21605	9667	ENSG00000130254	scaffold attachment factor B2	Q14151		KIAA0138	schizophrenia	random	0			HGNC protein-coding, random seed 20260921
TOR3A	HGNC:11997	64222	ENSG00000186283	torsin family 3 member A	Q9H497		FLJ22345|ADIR2|ADIR	schizophrenia	random	0			HGNC protein-coding, random seed 20260921
FAT3	HGNC:23112	120114	ENSG00000165323	FAT atypical cadherin 3	Q8TDW7		KIAA1989|CDHF15|CDHR10	schizophrenia	random	0			HGNC protein-coding, random seed 20260921
ST8SIA1	HGNC:10869	6489	ENSG00000111728	ST8 alpha-N-acetyl-neuraminide alpha-2,8-sialyltransferase 1	Q92185		SIAT8|SIAT8A	schizophrenia	random	0			HGNC protein-coding, random seed 20260921
DAB2	HGNC:2662	1601	ENSG00000153071	DAB adaptor protein 2	P98082		DOC-2	schizophrenia	random	0			HGNC protein-coding, random seed 20260921
NPIPB8	HGNC:37490	728734	ENSG00000255524	nuclear pore complex interacting protein family member B8	E9PQR5			schizophrenia	random	0			HGNC protein-coding, random seed 20260921
MME	HGNC:7154	4311	ENSG00000196549	membrane metalloendopeptidase	P08473		CALLA|CD10|NEP	schizophrenia	random	0			HGNC protein-coding, random seed 20260921
SRP19	HGNC:11300	6728	ENSG00000153037	signal recognition particle 19	P09132			schizophrenia	random	0			HGNC protein-coding, random seed 20260921
RNF133	HGNC:21154	168433	ENSG00000188050	ring finger protein 133	Q8WVZ7			schizophrenia	random	0			HGNC protein-coding, random seed 20260921
USP25	HGNC:12624	29761	ENSG00000155313	ubiquitin specific peptidase 25	Q9UHP3		USP21	schizophrenia	random	0			HGNC protein-coding, random seed 20260921
USP17L10	HGNC:44438	100287144	ENSG00000231396	ubiquitin specific peptidase 17 like family member 10	C9JJH3			schizophrenia	random	0			HGNC protein-coding, random seed 20260921
MRTFB	HGNC:29819	57496	ENSG00000186260	myocardin related transcription factor B	Q9ULH7		MRTF-B|FLJ31823|MKL2	schizophrenia	random	0			HGNC protein-coding, random seed 20260921
GPR63	HGNC:13302	81491	ENSG00000112218	G protein-coupled receptor 63	Q9BZJ6		PSP24(beta)|PSP24B	schizophrenia	random	0			HGNC protein-coding, random seed 20260921
CDK17	HGNC:8750	5128	ENSG00000059758	cyclin dependent kinase 17	Q00537		PCTAIRE2|PCTK2	schizophrenia	random	0			HGNC protein-coding, random seed 20260921
SLC9B2	HGNC:25143	133308	ENSG00000164038	solute carrier family 9 member B2	Q86UD5		FLJ23984|NHA2|NHEDC2	schizophrenia	random	0			HGNC protein-coding, random seed 20260921
FRMD5	HGNC:28214	84978	ENSG00000171877	FERM domain containing 5	Q7Z6J6		MGC14161	schizophrenia	random	0			HGNC protein-coding, random seed 20260921
NRXN2	HGNC:8009	9379	ENSG00000110076	neurexin 2	P58401|Q9P2S2			schizophrenia	random	0			HGNC protein-coding, random seed 20260921
SCNN1D	HGNC:10601	6339	ENSG00000162572	sodium channel epithelial 1 subunit delta	P51172		ENaCdelta|dNaCh	schizophrenia	random	0			HGNC protein-coding, random seed 20260921
SLC7A3	HGNC:11061	84889	ENSG00000165349	solute carrier family 7 member 3	Q8WY07		CAT-3|ATRC3|FLJ14541	schizophrenia	random	0			HGNC protein-coding, random seed 20260921
PUDP	HGNC:16818	8226	ENSG00000130021	pseudouridine 5'-phosphatase	Q08623		DXF68S1E|GS1|FAM16AX|HDHD1A|HDHD1	schizophrenia	random	0			HGNC protein-coding, random seed 20260921
NDN	HGNC:7675	4692	ENSG00000182636	necdin, MAGE family member	Q99608		HsT16328|PWCR	schizophrenia	random	0			HGNC protein-coding, random seed 20260921
FAM133B	HGNC:28629	257415	ENSG00000234545	family with sequence similarity 133 member B	Q5BKY9		MGC40405	schizophrenia	random	0			HGNC protein-coding, random seed 20260921
ASF1B	HGNC:20996	55723	ENSG00000105011	anti-silencing function 1B histone chaperone	Q9NVP2		FLJ10604	schizophrenia	random	0			HGNC protein-coding, random seed 20260921
CDHR5	HGNC:7521	53841	ENSG00000099834	cadherin related family member 5	Q9HBB8		FLJ20219|MU-PCDH|MUCDHL|MUPCDH	schizophrenia	random	0			HGNC protein-coding, random seed 20260921
VWA3A	HGNC:27088	146177	ENSG00000175267	von Willebrand factor A domain containing 3A	A6NCI4		FLJ46765|FLJ40941	schizophrenia	random	0			HGNC protein-coding, random seed 20260921
PRAMEF18	HGNC:30693	391003	ENSG00000279804	PRAME family member 18	Q5VWM3			schizophrenia	random	0			HGNC protein-coding, random seed 20260921
ZNF496	HGNC:23713	84838	ENSG00000162714	zinc finger protein 496	Q96IT1		ZKSCAN17|MGC15548|ZSCAN49	schizophrenia	random	0			HGNC protein-coding, random seed 20260921
LCTL	HGNC:15583	197021	ENSG00000188501	lactase like	Q6UWM7		KLPH|FLJ33279|KLG	schizophrenia	random	0			HGNC protein-coding, random seed 20260921
SCYGR7	HGNC:34226	112441438	ENSG00000284718	small cysteine and glycine repeat containing 7	A0A286YF01		KRTAP28-7	schizophrenia	random	0			HGNC protein-coding, random seed 20260921
CAPN15	HGNC:11182	6650	ENSG00000103326	calpain 15	O75808		SOLH	schizophrenia	random	0			HGNC protein-coding, random seed 20260921
RPH3A	HGNC:17056	22895	ENSG00000089169	rabphilin 3A	Q9Y2J0		KIAA0985|rabphilin|exophilin-1	schizophrenia	random	0			HGNC protein-coding, random seed 20260921
MSX2	HGNC:7392	4488	ENSG00000120149	msh homeobox 2	P35548		CRS2|FPP|HOX8|MSH|PFM|PFM1	schizophrenia	random	0			HGNC protein-coding, random seed 20260921
KRTAP3-1	HGNC:16778	83896	ENSG00000212901	keratin associated protein 3-1	Q9BYR8		KAP3.1	schizophrenia	random	0			HGNC protein-coding, random seed 20260921
HSD17B10	HGNC:4800	3028	ENSG00000072506	hydroxysteroid 17-beta dehydrogenase 10	Q99714		ERAB|MHBD|17b-HSD10|ABAD|SDR5C1|MRPP2|CAMR|HADH2|MRXS10	schizophrenia	random	0			HGNC protein-coding, random seed 20260921
SERHL2	HGNC:29446	253190	ENSG00000183569	serine hydrolase like 2	Q9H4I8			schizophrenia	random	0			HGNC protein-coding, random seed 20260921
RNF175	HGNC:27735	285533	ENSG00000145428	ring finger protein 175	Q8N4F7		FLJ34190	schizophrenia	random	0			HGNC protein-coding, random seed 20260921
WIZ	HGNC:30917	58525	ENSG00000011451	WIZ zinc finger	O95785		ZNF803	schizophrenia	random	0			HGNC protein-coding, random seed 20260921
CYB5D1	HGNC:26516	124637	ENSG00000182224	cytochrome b5 domain containing 1	Q6P9G0		FLJ32499	schizophrenia	random	0			HGNC protein-coding, random seed 20260921
ACMSD	HGNC:19288	130013	ENSG00000153086	aminocarboxymuconate semialdehyde decarboxylase	Q8TDX5			schizophrenia	random	0			HGNC protein-coding, random seed 20260921
KIF5C	HGNC:6325	3800	ENSG00000168280	kinesin family member 5C	O60282		NKHC2	schizophrenia	random	0			HGNC protein-coding, random seed 20260921
ZNF276	HGNC:23330	92822	ENSG00000158805	zinc finger protein 276	Q8N554		MGC45417|ZNF477|CENPZ|CENP-Z|ZADT|ZFP276	schizophrenia	random	0			HGNC protein-coding, random seed 20260921
SDC2	HGNC:10659	6383	ENSG00000169439	syndecan 2	P34741		fibroglycan|SYND2|CD362|HSPG|HSPG1	schizophrenia	random	0			HGNC protein-coding, random seed 20260921
CDC42EP1	HGNC:17014	11135	ENSG00000128283	CDC42 effector protein 1	Q00587		MSE55|CEP1|Borg5	schizophrenia	random	0			HGNC protein-coding, random seed 20260921
ANKS1B	HGNC:24600	56899	ENSG00000185046	ankyrin repeat and sterile alpha motif domain containing 1B	Q7Z6G8		EB-1|AIDA-1|cajalin-2|ANKS2	schizophrenia	random	0			HGNC protein-coding, random seed 20260921
TMEM59	HGNC:1239	9528	ENSG00000116209	transmembrane protein 59	Q9BXS4		HSPC001|C1orf8	schizophrenia	random	0			HGNC protein-coding, random seed 20260921
KRTAP20-1	HGNC:18943	337975	ENSG00000244624	keratin associated protein 20-1	Q3LI63		KAP20.1	schizophrenia	random	0			HGNC protein-coding, random seed 20260921
COX6B1	HGNC:2280	1340	ENSG00000126267	cytochrome c oxidase subunit 6B1	P14854		COXG|COX6B	schizophrenia	random	0			HGNC protein-coding, random seed 20260921
PRLHR	HGNC:4464	2834	ENSG00000119973	prolactin releasing hormone receptor	P49683		PrRPR|GPR10	schizophrenia	random	0			HGNC protein-coding, random seed 20260921
TIA1	HGNC:11802	7072	ENSG00000116001	TIA1 cytotoxic granule associated RNA binding protein	P31483		TIA-1	schizophrenia	random	0			HGNC protein-coding, random seed 20260921
CD74	HGNC:1697	972	ENSG00000019582	CD74 molecule	P04233		CLIP|DHLAG	schizophrenia	random	0			HGNC protein-coding, random seed 20260921
TRIM63	HGNC:16007	84676	ENSG00000158022	tripartite motif containing 63	Q969Q1		MURF-1|IRF|SMRZ|RNF28	schizophrenia	random	0			HGNC protein-coding, random seed 20260921
ITPR1	HGNC:6180	3708	ENSG00000150995	inositol 1,4,5-trisphosphate receptor type 1	Q14643		Insp3r1|IP3R1|ACV|PPP1R94|SCA15|SCA16|SCA29	schizophrenia	random	0			HGNC protein-coding, random seed 20260921
SOWAHC	HGNC:26149	65124	ENSG00000198142	sosondowah ankyrin repeat domain family member C	Q53LP3		FLJ21870|C2orf26|ANKRD57	schizophrenia	random	0			HGNC protein-coding, random seed 20260921
STXBP6	HGNC:19666	29091	ENSG00000168952	syntaxin binding protein 6	Q8NFX7		amisyn|HSPC156	schizophrenia	random	0			HGNC protein-coding, random seed 20260921
RHOXF2B	HGNC:33519	727940	ENSG00000203989	Rhox homeobox family member 2B	P0C7M4			schizophrenia	random	0			HGNC protein-coding, random seed 20260921
CPLX1	HGNC:2309	10815	ENSG00000168993	complexin 1	O14810		CPX-I	schizophrenia	random	0			HGNC protein-coding, random seed 20260921
UNC5CL	HGNC:21203	222643	ENSG00000124602	unc-5 family C-terminal like	Q8IV45		MGC34763|ZUD	schizophrenia	random	0			HGNC protein-coding, random seed 20260921
TM4SF18	HGNC:25181	116441	ENSG00000163762	transmembrane 4 L six family member 18	Q96CE8		L6D	schizophrenia	random	0			HGNC protein-coding, random seed 20260921
FAM9C	HGNC:18405	171484	ENSG00000187268	family with sequence similarity 9 member C	Q8IZT9		TEX39C	schizophrenia	random	0			HGNC protein-coding, random seed 20260921
FCGRT	HGNC:3621	2217	ENSG00000104870	Fc gamma receptor and transporter	P55899		FcgammaRn|FcRn	schizophrenia	random	0			HGNC protein-coding, random seed 20260921
CDK9	HGNC:1780	1025	ENSG00000136807	cyclin dependent kinase 9	P50750		PITALRE|C-2k|TAK|CDC2L4	schizophrenia	random	0			HGNC protein-coding, random seed 20260921
ITGB3	HGNC:6156	3690	ENSG00000259207	integrin subunit beta 3	P05106		CD61|GPIIIa|GP3A	schizophrenia	random	0			HGNC protein-coding, random seed 20260921
THOC6	HGNC:28369	79228	ENSG00000131652	THO complex subunit 6	Q86W42		MGC2655|fSAP35|WDR58	schizophrenia	random	0			HGNC protein-coding, random seed 20260921
OR1P1	HGNC:8222	8391	ENSG00000262085	olfactory receptor family 1 subfamily P member 1 (gene/pseudogene)	Q8NH06		OR17-208|OR1P1P	schizophrenia	random	0			HGNC protein-coding, random seed 20260921
DAZL	HGNC:2685	1618	ENSG00000092345	deleted in azoospermia like	Q92904		DAZH|SPGYLA|MGC26406|DAZL1|DAZLA	schizophrenia	random	0			HGNC protein-coding, random seed 20260921
MRGPRX2	HGNC:17983	117194	ENSG00000183695	MAS related GPR family member X2	Q96LB1		MRGX2	schizophrenia	random	0			HGNC protein-coding, random seed 20260921
TMEM238	HGNC:40042	388564	ENSG00000233493	transmembrane protein 238	C9JI98			schizophrenia	random	0			HGNC protein-coding, random seed 20260921
ZNF474	HGNC:23245	133923	ENSG00000164185	zinc finger protein 474	Q6S9Z5		4933409D10Rik|FLJ32921	schizophrenia	random	0			HGNC protein-coding, random seed 20260921
RFWD3	HGNC:25539	55159	ENSG00000168411	ring finger and WD repeat domain 3	Q6PCD5		FLJ10520|RNF201|FANCW	schizophrenia	random	0			HGNC protein-coding, random seed 20260921
LAMC1	HGNC:6492	3915	ENSG00000135862	laminin subunit gamma 1	P11047		LAMB2	schizophrenia	random	0			HGNC protein-coding, random seed 20260921
TTLL13	HGNC:32484	440307	ENSG00000213471	tubulin tyrosine ligase like 13	A6NNM8		FLJ46079|MGC33417|TTLL13P	schizophrenia	random	0			HGNC protein-coding, random seed 20260921
TBC1D28	HGNC:26858	254272	ENSG00000189375	TBC1 domain family member 28	Q2M2D7		FLJ40244	schizophrenia	random	0			HGNC protein-coding, random seed 20260921
SRSF3	HGNC:10785	6428	ENSG00000112081	serine and arginine rich splicing factor 3	P84103		SRp20|SFRS3	schizophrenia	random	0			HGNC protein-coding, random seed 20260921
BCL2L1	HGNC:992	598	ENSG00000171552	BCL2 like 1	Q07817		BCLX|BCL2L|Bcl-X|bcl-xL|bcl-xS|PPP1R52	schizophrenia	random	0			HGNC protein-coding, random seed 20260921
SMIM1	HGNC:44204	388588	ENSG00000235169	small integral membrane protein 1 (Vel blood group)	B2RUZ4		Vel	schizophrenia	random	0			HGNC protein-coding, random seed 20260921
RBM47	HGNC:30358	54502	ENSG00000163694	RNA binding motif protein 47	A0AV96		FLJ20273|NET18	schizophrenia	random	0			HGNC protein-coding, random seed 20260921
SLC35A4	HGNC:20753	113829	ENSG00000176087	solute carrier family 35 member A4	L0R6Q1|Q96G79			schizophrenia	random	0			HGNC protein-coding, random seed 20260921
NBPF1	HGNC:26088	55672	ENSG00000219481	NBPF member 1	Q3BBV0		FLJ20719|KIAA1693	schizophrenia	random	0			HGNC protein-coding, random seed 20260921
NLRP6	HGNC:22944	171389	ENSG00000174885	NLR family pyrin domain containing 6	P59044		PYPAF5|PAN3|CLR11.4|NALP6	schizophrenia	random	0			HGNC protein-coding, random seed 20260921
MYL7	HGNC:21719	58498	ENSG00000106631	myosin light chain 7	Q01449		MYLC2A|MYL2A	schizophrenia	random	0			HGNC protein-coding, random seed 20260921
DLG1	HGNC:2900	1739	ENSG00000075711	discs large MAGUK scaffold protein 1	Q12959		SAP97|SAP-97|hdlg|DLGH1|dJ1061C18.1.1	schizophrenia	random	0			HGNC protein-coding, random seed 20260921
CTSO	HGNC:2542	1519	ENSG00000256043	cathepsin O	P43234		CTSO1	schizophrenia	random	0			HGNC protein-coding, random seed 20260921
SURF2	HGNC:11475	6835	ENSG00000148291	surfeit 2	Q15527			schizophrenia	random	0			HGNC protein-coding, random seed 20260921
CCDC137	HGNC:33451	339230	ENSG00000185298	coiled-coil domain containing 137	Q6PK04		MGC16597	schizophrenia	random	0			HGNC protein-coding, random seed 20260921
RAD51C	HGNC:9820	5889	ENSG00000108384	RAD51 paralog C	O43502		RAD51L2|FANCO	schizophrenia	random	0			HGNC protein-coding, random seed 20260921
RALGPS1	HGNC:16851	9649	ENSG00000136828	Ral GEF with PH domain and SH3 binding motif 1	Q5JS13		RALGPS1A|RALGEF2|KIAA0351	schizophrenia	random	0			HGNC protein-coding, random seed 20260921
MRPL10	HGNC:14055	124995	ENSG00000159111	mitochondrial ribosomal protein L10	Q7Z7H8		RPML8|MRP-L8|L10MT|MRP-L10|MRPL8|MGC17973|uL10m	schizophrenia	random	0			HGNC protein-coding, random seed 20260921
PPP6C	HGNC:9323	5537	ENSG00000119414	protein phosphatase 6 catalytic subunit	O00743		PP6	schizophrenia	random	0			HGNC protein-coding, random seed 20260921
MMRN1	HGNC:7178	22915	ENSG00000138722	multimerin 1	Q13201		ECM|EMILIN4|GPIa*|MMRN	schizophrenia	random	0			HGNC protein-coding, random seed 20260921
ITGA2	HGNC:6137	3673	ENSG00000164171	integrin subunit alpha 2	P17301		GPIa|VLAA2|HPA-5|CD49B	schizophrenia	random	0			HGNC protein-coding, random seed 20260921
AUP1	HGNC:891	550	ENSG00000115307	AUP1 lipid droplet regulating VLDL assembly factor	Q9Y679			schizophrenia	random	0			HGNC protein-coding, random seed 20260921
CIBAR2	HGNC:24781	339145	ENSG00000153789	CBY1 interacting BAR domain containing 2	Q6ZTR7		FLJ44299|FAM92B	schizophrenia	random	0			HGNC protein-coding, random seed 20260921
DYTN	HGNC:23279	391475	ENSG00000232125	dystrotelin	A2CJ06			schizophrenia	random	0			HGNC protein-coding, random seed 20260921
SYNPO2	HGNC:17732	171024	ENSG00000172403	synaptopodin 2	Q9UMS6		MYOPODIN	schizophrenia	random	0			HGNC protein-coding, random seed 20260921
INO80	HGNC:26956	54617	ENSG00000128908	INO80 complex ATPase subunit	Q9ULG1		KIAA1259|hINO80|INO80A|INOC1	schizophrenia	random	0			HGNC protein-coding, random seed 20260921
H1-4	HGNC:4718	3008	ENSG00000168298	H1.4 linker histone, cluster member	P10412		H1.4|H1e|H1s-4|H1F4|HIST1H1E	schizophrenia	random	0			HGNC protein-coding, random seed 20260921
AMBN	HGNC:452	258	ENSG00000178522	ameloblastin	Q9NP70			schizophrenia	random	0			HGNC protein-coding, random seed 20260921
NCKAP5	HGNC:29847	344148	ENSG00000176771	NCK associated protein 5	O14513		NAP5|ERIH1|ERIH2	schizophrenia	random	0			HGNC protein-coding, random seed 20260921
SSU72L6	HGNC:43627	136157	ENSG00000230268	SSU72 like 6	A0A1W2PR75		SSU72P8	schizophrenia	random	0			HGNC protein-coding, random seed 20260921
DDX47	HGNC:18682	51202	ENSG00000213782	DEAD-box helicase 47	Q9H0S4		DKFZp564O176|FLJ30012|HQ0256|RRP3	schizophrenia	random	0			HGNC protein-coding, random seed 20260921
HTD2	HGNC:53111	109703458	ENSG00000255154	hydroxyacyl-thioester dehydratase type 2	P86397			schizophrenia	random	0			HGNC protein-coding, random seed 20260921
CDC6	HGNC:1744	990	ENSG00000094804	cell division cycle 6	Q99741		CDC18L	schizophrenia	random	0			HGNC protein-coding, random seed 20260921
ASH1L	HGNC:19088	55870	ENSG00000116539	ASH1 like histone lysine methyltransferase	Q9NR48		huASH1|ASH1|ASH1L1|KMT2H	schizophrenia	random	0			HGNC protein-coding, random seed 20260921
VWF	HGNC:12726	7450	ENSG00000110799	von Willebrand factor	P04275		F8VWF	schizophrenia	random	0			HGNC protein-coding, random seed 20260921
ADCY9	HGNC:240	115	ENSG00000162104	adenylate cyclase 9	O60503		AC9	schizophrenia	random	0			HGNC protein-coding, random seed 20260921
LAG3	HGNC:6476	3902	ENSG00000089692	lymphocyte activating 3	P18627		CD223	schizophrenia	random	0			HGNC protein-coding, random seed 20260921
NUP62	HGNC:8066	23636	ENSG00000213024	nucleoporin 62	P37198		p62|DKFZp547L134|IBSN|SNDI|MGC841|FLJ20822|FLJ43869	schizophrenia	random	0			HGNC protein-coding, random seed 20260921
ZNF366	HGNC:18316	167465	ENSG00000178175	zinc finger protein 366	Q8N895		FLJ39796	schizophrenia	random	0			HGNC protein-coding, random seed 20260921
NRBF2	HGNC:19692	29982	ENSG00000148572	nuclear receptor binding factor 2	Q96F24		DKFZp564C1664|FLJ30395|COPR1|COPR2	schizophrenia	random	0			HGNC protein-coding, random seed 20260921
NBN	HGNC:7652	4683	ENSG00000104320	nibrin	O60934		ATV|AT-V2|AT-V1|NBS|NBS1	schizophrenia	random	0			HGNC protein-coding, random seed 20260921
PIGX	HGNC:26046	54965	ENSG00000163964	phosphatidylinositol glycan anchor biosynthesis class X	Q8TBF5		FLJ20522|PIG-X	schizophrenia	random	0			HGNC protein-coding, random seed 20260921
EID3	HGNC:32961	493861	ENSG00000255150	EP300 interacting inhibitor of differentiation 3	Q8N140		FLJ25832|NSMCE4B|NSE4B	schizophrenia	random	0			HGNC protein-coding, random seed 20260921
CBS	HGNC:1550	875	ENSG00000160200	cystathionine beta-synthase	P35520		HIP4	schizophrenia	random	0			HGNC protein-coding, random seed 20260921
UTP25	HGNC:28440	27042	ENSG00000117597	UTP25 small subunit processome component	Q68CQ4		MGC29875|DEF|C1orf107|DIEXF	schizophrenia	random	0			HGNC protein-coding, random seed 20260921
LINGO3	HGNC:21206	645191	ENSG00000220008	leucine rich repeat and Ig domain containing 3	P0C6S8		LERN2|LRRN6B	schizophrenia	random	0			HGNC protein-coding, random seed 20260921
ATP13A4	HGNC:25422	84239	ENSG00000127249	ATPase 13A4	Q4VNC1		DKFZp761I1011|FLJ37958	schizophrenia	random	0			HGNC protein-coding, random seed 20260921
ZNF677	HGNC:28730	342926	ENSG00000197928	zinc finger protein 677	Q86XU0		MGC48625	schizophrenia	random	0			HGNC protein-coding, random seed 20260921
NANOGP8	HGNC:23106	388112	ENSG00000255192	Nanog homeobox retrogene P8	Q6NSW7			schizophrenia	random	0			HGNC protein-coding, random seed 20260921
GDF15	HGNC:30142	9518	ENSG00000130513	growth differentiation factor 15	Q99988		PLAB|MIC-1|PDF|MIC1|NAG-1|PTGFB	schizophrenia	random	0			HGNC protein-coding, random seed 20260921
PSME2	HGNC:9569	5721	ENSG00000100911	proteasome activator subunit 2	Q9UL46		PA28beta	schizophrenia	random	0			HGNC protein-coding, random seed 20260921
CHST1	HGNC:1969	8534	ENSG00000175264	carbohydrate sulfotransferase 1	O43916		C6ST|KSGal6ST	schizophrenia	random	0			HGNC protein-coding, random seed 20260921
USHBP1	HGNC:24058	83878	ENSG00000130307	USH1 protein network component harmonin binding protein 1	Q8N6Y0		MCC2|AIEBP|FLJ38709	schizophrenia	random	0			HGNC protein-coding, random seed 20260921
TIPE2	HGNC:26277	79626	ENSG00000163154	TNF alpha induced protein 8 like 2	Q6P589		FLJ23467|TNFAIP8L2	schizophrenia	random	0			HGNC protein-coding, random seed 20260921
SELENBP1	HGNC:10719	8991	ENSG00000143416	selenium binding protein 1	Q13228		hSP56|hSBP|LPSB	schizophrenia	random	0			HGNC protein-coding, random seed 20260921
TNIP2	HGNC:19118	79155	ENSG00000168884	TNFAIP3 interacting protein 2	Q8NFZ5		ABIN-2|MGC4289|KLIP|FLIP1|ABIN2	schizophrenia	random	0			HGNC protein-coding, random seed 20260921
CALB2	HGNC:1435	794	ENSG00000172137	calbindin 2	P22676		CAL2	schizophrenia	random	0			HGNC protein-coding, random seed 20260921
ZNF626	HGNC:30461	199777	ENSG00000188171	zinc finger protein 626	Q68DY1			schizophrenia	random	0			HGNC protein-coding, random seed 20260921
ACACA	HGNC:84	31	ENSG00000278540	acetyl-CoA carboxylase alpha	Q13085		ACC1|ACC-alpha|ACCA|ACCalpha|ACACalpha|Acac1|hACC1|ACAC|ACC	schizophrenia	random	0			HGNC protein-coding, random seed 20260921
FAM180A	HGNC:33773	389558	ENSG00000189320	family with sequence similarity 180 member A	Q6UWF9		HWKM1940|UNQ1940	schizophrenia	random	0			HGNC protein-coding, random seed 20260921
RECK	HGNC:11345	8434	ENSG00000122707	reversion inducing cysteine rich protein with kazal motifs	O95980		hRECK|ST15	schizophrenia	random	0			HGNC protein-coding, random seed 20260921
TRAPPC9	HGNC:30832	83696	ENSG00000167632	trafficking protein particle complex subunit 9	Q96Q05		IKBKBBP|NIBP|KIAA1882|T1|TRS120|MRT13	schizophrenia	random	0			HGNC protein-coding, random seed 20260921
B4GALT2	HGNC:925	8704	ENSG00000117411	beta-1,4-galactosyltransferase 2	O60909		beta4Gal-T2	schizophrenia	random	0			HGNC protein-coding, random seed 20260921
PPP1R11	HGNC:9285	6992	ENSG00000204619	protein phosphatase 1 regulatory inhibitor subunit 11	O60927		HCGV|Tctex5|HCG-V|CFAP255|TCTE5	schizophrenia	random	0			HGNC protein-coding, random seed 20260921
ANKRD18B	HGNC:23644	441459	ENSG00000230453	ankyrin repeat domain 18B	A2A2Z9		bA255A11.3	schizophrenia	random	0			HGNC protein-coding, random seed 20260921
LY6G6F	HGNC:13933	259215	ENSG00000204424	lymphocyte antigen 6 family member G6F	Q5SQ64		G6f|NG32|LY6G6D|C6orf21	schizophrenia	random	0			HGNC protein-coding, random seed 20260921
PCSK1	HGNC:8743	5122	ENSG00000175426	proprotein convertase subtilisin/kexin type 1	P29120		PC1|PC3|SPC3|PC1/3|NEC1	schizophrenia	random	0			HGNC protein-coding, random seed 20260921
GRAMD1A	HGNC:29305	57655	ENSG00000089351	GRAM domain containing 1A	Q96CP6		LAMa|FLJ90346|KIAA1533	schizophrenia	random	0			HGNC protein-coding, random seed 20260921
RASSF4	HGNC:20793	83937	ENSG00000107551	Ras association domain family member 4	Q9H2L5		AD037|MGC44914	schizophrenia	random	0			HGNC protein-coding, random seed 20260921
WNT1	HGNC:12774	7471	ENSG00000125084	Wnt family member 1	P04628		INT1	schizophrenia	random	0			HGNC protein-coding, random seed 20260921
RIN3	HGNC:18751	79890	ENSG00000100599	Ras and Rab interactor 3	Q8TB24		FLJ22439	schizophrenia	random	0			HGNC protein-coding, random seed 20260921
HIP1	HGNC:4913	3092	ENSG00000127946	huntingtin interacting protein 1	O00291		ILWEQ	schizophrenia	random	0			HGNC protein-coding, random seed 20260921
SPINK14	HGNC:33825	408187	ENSG00000196800	serine peptidase inhibitor Kazal type 14 (putative)	Q6IE38		SPINK5L2	schizophrenia	random	0			HGNC protein-coding, random seed 20260921
TLX1	HGNC:5056	3195	ENSG00000107807	T cell leukemia homeobox 1	P31314		TCL3|HOX11	schizophrenia	random	0			HGNC protein-coding, random seed 20260921
STX12	HGNC:11430	23673	ENSG00000117758	syntaxin 12	Q86Y82		STX13|STX14	schizophrenia	random	0			HGNC protein-coding, random seed 20260921
DNAAF2	HGNC:20188	55172	ENSG00000165506	dynein axonemal assembly factor 2	Q9NVR5		FLJ10563|KTU|pf13|CILD10|C14orf104	schizophrenia	random	0			HGNC protein-coding, random seed 20260921
ADARB2	HGNC:227	105	ENSG00000185736	adenosine deaminase RNA specific B2 (inactive)	Q9NS39		RED2|hRED2|ADAR3	schizophrenia	random	0			HGNC protein-coding, random seed 20260921
ZFP62	HGNC:23241	643836	ENSG00000196670	ZFP62 zinc finger protein	Q8NB50		FLJ34231|ZET|ZNF755	schizophrenia	random	0			HGNC protein-coding, random seed 20260921
ESRP2	HGNC:26152	80004	ENSG00000103067	epithelial splicing regulatory protein 2	Q9H6T0		FLJ21918|RBM35B	schizophrenia	random	0			HGNC protein-coding, random seed 20260921
SEMA7A	HGNC:10741	8482	ENSG00000138623	semaphorin 7A (JohnMiltonHagen blood group)	O75326		H-Sema-L|CD108|SEMAL	schizophrenia	random	0			HGNC protein-coding, random seed 20260921
POLR1F	HGNC:18027	221830	ENSG00000105849	RNA polymerase I subunit F	Q3B726		RPA43|A43|TWISTNB	schizophrenia	random	0			HGNC protein-coding, random seed 20260921
SUPT20HL2	HGNC:31797	170067	ENSG00000223611	SUPT20H like 2	P0C7V6		FAM48B2	schizophrenia	random	0			HGNC protein-coding, random seed 20260921
AMPH	HGNC:471	273	ENSG00000078053	amphiphysin	P49418			schizophrenia	random	0			HGNC protein-coding, random seed 20260921
CCSER2	HGNC:29197	54462	ENSG00000107771	coiled-coil serine rich protein 2	Q9H7U1		KIAA1128|FAM190B	schizophrenia	random	0			HGNC protein-coding, random seed 20260921
INO80E	HGNC:26905	283899	ENSG00000169592	INO80 complex subunit E	Q8NBZ0		FLJ90652|CCDC95	schizophrenia	random	0			HGNC protein-coding, random seed 20260921
CRYBB1	HGNC:2397	1414	ENSG00000100122	crystallin beta B1	P53674			schizophrenia	random	0			HGNC protein-coding, random seed 20260921
GSX1	HGNC:20374	219409	ENSG00000169840	GS homeobox 1	Q9H4S2		Gsh-1|GSH1	schizophrenia	random	0			HGNC protein-coding, random seed 20260921
RNASE8	HGNC:19277	122665	ENSG00000173431	ribonuclease A family member 8	Q8TDE3		RAE2	schizophrenia	random	0			HGNC protein-coding, random seed 20260921
RSAD1	HGNC:25634	55316	ENSG00000136444	radical S-adenosyl methionine domain containing 1	Q9HA92		FLJ11164|HemW	schizophrenia	random	0			HGNC protein-coding, random seed 20260921
LGALS3	HGNC:6563	3958	ENSG00000131981	galectin 3	P17931		MAC-2|GALIG|LGALS2	schizophrenia	random	0			HGNC protein-coding, random seed 20260921
C20orf202	HGNC:37254	400831	ENSG00000215595	chromosome 20 open reading frame 202	A1L168			schizophrenia	random	0			HGNC protein-coding, random seed 20260921
KIF7	HGNC:30497	374654	ENSG00000166813	kinesin family member 7	Q2M1P5		JBTS12	schizophrenia	random	0			HGNC protein-coding, random seed 20260921
COMMD8	HGNC:26036	54951	ENSG00000169019	COMM domain containing 8	Q9NX08		FLJ20502	schizophrenia	random	0			HGNC protein-coding, random seed 20260921
SV2B	HGNC:16874	9899	ENSG00000185518	synaptic vesicle glycoprotein 2B	Q7L1I2		KIAA0735|HsT19680|SLC22B2	schizophrenia	random	0			HGNC protein-coding, random seed 20260921
C1QTNF1	HGNC:14324	114897	ENSG00000173918	C1q and TNF related 1	Q9BXJ1		CTRP1|ZSIG37|GIP|FLJ90694	schizophrenia	random	0			HGNC protein-coding, random seed 20260921
EHF	HGNC:3246	26298	ENSG00000135373	ETS homologous factor	Q9NZC4		ESE3|ESEJ	schizophrenia	random	0			HGNC protein-coding, random seed 20260921
LELP1	HGNC:32046	149018	ENSG00000203784	late cornified envelope like proline rich 1	Q5T871			schizophrenia	random	0			HGNC protein-coding, random seed 20260921
TMCC1	HGNC:29116	23023	ENSG00000172765	transmembrane and coiled-coil domain family 1	O94876		KIAA0779	schizophrenia	random	0			HGNC protein-coding, random seed 20260921
TEAD3	HGNC:11716	7005	ENSG00000007866	TEA domain transcription factor 3	Q99594		TEF-5|ETFR-1|TEAD5	schizophrenia	random	0			HGNC protein-coding, random seed 20260921
RTN3	HGNC:10469	10313	ENSG00000133318	reticulon 3	O95197		NSPL2|NSPLII|ASYIP|HAP|RTN3-A1	schizophrenia	random	0			HGNC protein-coding, random seed 20260921
MALRD1	HGNC:24331	340895	ENSG00000204740	MAM and LDL receptor class A domain containing 1	Q5VYJ5		bA265G8.2|Diet1|C10orf112	schizophrenia	random	0			HGNC protein-coding, random seed 20260921
HIRIP3	HGNC:4917	8479	ENSG00000149929	HIRA interacting protein 3	Q9BW71			schizophrenia	random	0			HGNC protein-coding, random seed 20260921
AKAP12	HGNC:370	9590	ENSG00000131016	A-kinase anchoring protein 12	Q02952		AKAP250|SSeCKS	schizophrenia	random	0			HGNC protein-coding, random seed 20260921
LRTM2	HGNC:32443	654429	ENSG00000166159	leucine rich repeat transmembrane protein 2	Q8N967			schizophrenia	random	0			HGNC protein-coding, random seed 20260921
ATG16L1	HGNC:21498	55054	ENSG00000085978	autophagy related 16 like 1	Q676U5		WDR30|FLJ10035|ATG16A|APG16L|ATG16L	schizophrenia	random	0			HGNC protein-coding, random seed 20260921
PRKG1	HGNC:9414	5592	ENSG00000185532	protein kinase cGMP-dependent 1	Q13976		PGK|PKG|PKG1|PRKGR1B|PRKG1B	schizophrenia	random	0			HGNC protein-coding, random seed 20260921
NDC1	HGNC:25525	55706	ENSG00000058804	NDC1 transmembrane nucleoporin	Q9BTX1		FLJ10407|NET3|TMEM48	schizophrenia	random	0			HGNC protein-coding, random seed 20260921
SP3	HGNC:11208	6670	ENSG00000172845	Sp3 transcription factor	Q02447		SPR-2	schizophrenia	random	0			HGNC protein-coding, random seed 20260921
RDM1	HGNC:19950	201299	ENSG00000278023	RAD52 motif containing 1	Q8NG50		MGC33977|RAD52B	schizophrenia	random	0			HGNC protein-coding, random seed 20260921
SGCG	HGNC:10809	6445	ENSG00000102683	sarcoglycan gamma	Q13326		SCARMD2|DAGA4|SCG3|DMDA|TYPE|A4|MGC130048|DMDA1|MAM|LGMD2C	schizophrenia	random	0			HGNC protein-coding, random seed 20260921
OR10P1	HGNC:15378	121130	ENSG00000175398	olfactory receptor family 10 subfamily P member 1	Q8NGE3		OST701|OR10P1P|OR10P2P|OR10P3P	schizophrenia	random	0			HGNC protein-coding, random seed 20260921
DEFB104B	HGNC:26165	503618	ENSG00000177023	defensin beta 104B	Q8WTQ1			schizophrenia	random	0			HGNC protein-coding, random seed 20260921
COG5	HGNC:14857	10466	ENSG00000164597	component of oligomeric golgi complex 5	Q9UP83		GTC90|GOLTC1	schizophrenia	random	0			HGNC protein-coding, random seed 20260921
ACTR1B	HGNC:168	10120	ENSG00000115073	actin related protein 1B	P42025		Arp1B|CTRN2	schizophrenia	random	0			HGNC protein-coding, random seed 20260921
TSTD1	HGNC:35410	100131187	ENSG00000215845	thiosulfate sulfurtransferase like domain containing 1	Q8NFU3		KAT	schizophrenia	random	0			HGNC protein-coding, random seed 20260921
NFAT5	HGNC:7774	10725	ENSG00000102908	nuclear factor of activated T cells 5	O94916		TONEBP|KIAA0827|NFATL1|OREBP|NFATZ|NF-AT5	schizophrenia	random	0			HGNC protein-coding, random seed 20260921
DHTKD1	HGNC:23537	55526	ENSG00000181192	dehydrogenase E1 and transketolase domain containing 1	Q96HY7		KIAA1630|MGC3090|DKFZP762M115|CMT2Q|OADC-E1|OADH-E1|E1a	schizophrenia	random	0			HGNC protein-coding, random seed 20260921
VANGL2	HGNC:15511	57216	ENSG00000162738	VANGL planar cell polarity protein 2	Q9ULK5		KIAA1215|LTAP|LPP1|STBM|STB1|STBM1|MGC119403|MGC119404	schizophrenia	random	0			HGNC protein-coding, random seed 20260921
PLSCR4	HGNC:16497	57088	ENSG00000114698	phospholipid scramblase 4	Q9NRQ2			schizophrenia	random	0			HGNC protein-coding, random seed 20260921
FAM170B	HGNC:19736	170370	ENSG00000172538	family with sequence similarity 170 member B	A6NMN3		AC084727.4|C10orf73	schizophrenia	random	0			HGNC protein-coding, random seed 20260921
ZNF17	HGNC:12958	7565	ENSG00000186272	zinc finger protein 17	P17021		HPF3|KOX10|KIAA1947|FLJ40864|FLJ46058|FLJ46615	schizophrenia	random	0			HGNC protein-coding, random seed 20260921
SPDYE3	HGNC:35462	441272	ENSG00000214300	speedy/RINGO cell cycle regulator family member E3	A6NKU9			schizophrenia	random	0			HGNC protein-coding, random seed 20260921
HSPB6	HGNC:26511	126393	ENSG00000004776	heat shock protein family B (small) member 6	O14558		FLJ32389|Hsp20|PPP1R91	schizophrenia	random	0			HGNC protein-coding, random seed 20260921
FOXJ3	HGNC:29178	22887	ENSG00000198815	forkhead box J3	Q9UPW0		KIAA1041	schizophrenia	random	0			HGNC protein-coding, random seed 20260921
NSD3	HGNC:12767	54904	ENSG00000147548	nuclear receptor binding SET domain protein 3	Q9BZ95		FLJ20353|WHISTLE|KMT3F|WHSC1L1	schizophrenia	random	0			HGNC protein-coding, random seed 20260921
RPL3L	HGNC:10351	6123	ENSG00000140986	ribosomal protein L3 like	Q92901			schizophrenia	random	0			HGNC protein-coding, random seed 20260921
FSTL5	HGNC:21386	56884	ENSG00000168843	follistatin like 5	Q8N475		DKFZp566D234|KIAA1263	schizophrenia	random	0			HGNC protein-coding, random seed 20260921
TMEM167B	HGNC:30187	56900	ENSG00000215717	transmembrane protein 167B	Q9NRX6		AD-020|FLJ90710|C1orf119	schizophrenia	random	0			HGNC protein-coding, random seed 20260921
MYO1F	HGNC:7600	4542	ENSG00000142347	myosin IF	O00160			schizophrenia	random	0			HGNC protein-coding, random seed 20260921
AXIN1	HGNC:903	8312	ENSG00000103126	axin 1	O15169		PPP1R49	schizophrenia	random	0			HGNC protein-coding, random seed 20260921
TAAR6	HGNC:20978	319100	ENSG00000146383	trace amine associated receptor 6	Q96RI8		TA4|TRAR4	schizophrenia	random	0			HGNC protein-coding, random seed 20260921
ZMYM5	HGNC:13029	9205	ENSG00000132950	zinc finger MYM-type containing 5	Q9UJ78		ZNF198L1|MYM|ZNF237	schizophrenia	random	0			HGNC protein-coding, random seed 20260921
DVL3	HGNC:3087	1857	ENSG00000161202	dishevelled segment polarity protein 3	Q92997		KIAA0208	schizophrenia	random	0			HGNC protein-coding, random seed 20260921
UBQLN2	HGNC:12509	29978	ENSG00000188021	ubiquilin 2	Q9UHD9		Chap1|Dsk2|RIHFB2157|LIC-2|CHAP1/DSK2|PLIC-2|N4BP4|PLIC2	schizophrenia	random	0			HGNC protein-coding, random seed 20260921
RFX8	HGNC:37253	731220	ENSG00000196460	regulatory factor X8	Q6ZV50		FLJ42986	schizophrenia	random	0			HGNC protein-coding, random seed 20260921
PPEF1	HGNC:9243	5475	ENSG00000086717	protein phosphatase with EF-hand domain 1	O14829		PPP7CA|PPEF	schizophrenia	random	0			HGNC protein-coding, random seed 20260921
ATRX	HGNC:886	546	ENSG00000085224	ATRX chromatin remodeler	P46100		XH2|XNP|RAD54|JMS|MRX52	schizophrenia	random	0			HGNC protein-coding, random seed 20260921
FOXR2	HGNC:30469	139628	ENSG00000189299	forkhead box R2	Q6PJQ5		MGC21658|FOXN6	schizophrenia	random	0			HGNC protein-coding, random seed 20260921
MBD3L4	HGNC:37206	653656	ENSG00000205718	methyl-CpG binding domain protein 3 like 4	A6NDZ8			schizophrenia	random	0			HGNC protein-coding, random seed 20260921
CHMP5	HGNC:26942	51510	ENSG00000086065	charged multivesicular body protein 5	Q9NZZ3		Spike|Vps60|CGI-34|HSPC177|C9orf83|SNF7DC2	schizophrenia	random	0			HGNC protein-coding, random seed 20260921
BTNL8	HGNC:26131	79908	ENSG00000113303	butyrophilin like 8	Q6UX41		FLJ21458|BTN9.2	schizophrenia	random	0			HGNC protein-coding, random seed 20260921
TNFRSF18	HGNC:11914	8784	ENSG00000186891	TNF receptor superfamily member 18	Q9Y5U5		AITR|GITR|CD357	schizophrenia	random	0			HGNC protein-coding, random seed 20260921
RLIG1	HGNC:25322	91298	ENSG00000133641	RNA 5'-phosphate and 3'-OH ligase 1	Q8N999		DKFZp434N2030|C12orf29	schizophrenia	random	0			HGNC protein-coding, random seed 20260921
KRT78	HGNC:28926	196374	ENSG00000170423	keratin 78	Q8N1N4		K5B	schizophrenia	random	0			HGNC protein-coding, random seed 20260921
SRSF9	HGNC:10791	8683	ENSG00000111786	serine and arginine rich splicing factor 9	Q13242		SRp30c|SFRS9	schizophrenia	random	0			HGNC protein-coding, random seed 20260921
RPL10L	HGNC:17976	140801	ENSG00000165496	ribosomal protein L10 like	Q96L21			schizophrenia	random	0			HGNC protein-coding, random seed 20260921
MGAT2	HGNC:7045	4247	ENSG00000168282	alpha-1,6-mannosyl-glycoprotein 2-beta-N-acetylglucosaminyltransferase	Q10469		GNT-II	schizophrenia	random	0			HGNC protein-coding, random seed 20260921
PAIP2	HGNC:17970	51247	ENSG00000120727	poly(A) binding protein interacting protein 2	Q9BPZ3		PAIP2A	schizophrenia	random	0			HGNC protein-coding, random seed 20260921
IFNW1	HGNC:5448	3467	ENSG00000177047	interferon omega 1	P05000			schizophrenia	random	0			HGNC protein-coding, random seed 20260921
ZNF318	HGNC:13578	24149	ENSG00000171467	zinc finger protein 318	Q5VUA4		HRIHFB2436|ZFP318	schizophrenia	random	0			HGNC protein-coding, random seed 20260921
BANP	HGNC:13450	54971	ENSG00000172530	BTG3 associated nuclear protein	Q8N9N5		SMARBP1|SMAR1|FLJ20538|DKFZp761H172|FLJ10177|BEND1	schizophrenia	random	0			HGNC protein-coding, random seed 20260921
LRRC69	HGNC:34303	100130742	ENSG00000214954	leucine rich repeat containing 69	Q6ZNQ3			schizophrenia	random	0			HGNC protein-coding, random seed 20260921
EME2	HGNC:27289	197342	ENSG00000197774	essential meiotic structure-specific endonuclease subunit 2	A4GXA9		FLJ00151|SLX2B	schizophrenia	random	0			HGNC protein-coding, random seed 20260921
NANOG	HGNC:20857	79923	ENSG00000111704	Nanog homeobox	Q9H9S0		FLJ12581|FLJ40451	schizophrenia	random	0			HGNC protein-coding, random seed 20260921
ESPL1	HGNC:16856	9700	ENSG00000135476	extra spindle pole bodies like 1, separase	Q14674		KIAA0165|ESP1|SEPA	schizophrenia	random	0			HGNC protein-coding, random seed 20260921
SNX22	HGNC:16315	79856	ENSG00000157734	sorting nexin 22	Q96L94		FLJ13952	schizophrenia	random	0			HGNC protein-coding, random seed 20260921
REN	HGNC:9958	5972	ENSG00000143839	renin	P00797			schizophrenia	random	0			HGNC protein-coding, random seed 20260921
SCD	HGNC:10571	6319	ENSG00000099194	stearoyl-CoA desaturase	O00767		FADS5|SCD1|SCDOS	schizophrenia	random	0			HGNC protein-coding, random seed 20260921
PIGO	HGNC:23215	84720	ENSG00000165282	phosphatidylinositol glycan anchor biosynthesis class O	Q8TEQ8		DKFZp434M222|FLJ00135|PIG-O	schizophrenia	random	0			HGNC protein-coding, random seed 20260921
ERI1	HGNC:23994	90459	ENSG00000104626	exoribonuclease 1	Q8IV48		3'HEXO|THEX1	schizophrenia	random	0			HGNC protein-coding, random seed 20260921
GML	HGNC:4375	2765	ENSG00000104499	glycosylphosphatidylinositol anchored molecule like	Q99445		LY6DL	schizophrenia	random	0			HGNC protein-coding, random seed 20260921
ST6GAL1	HGNC:10860	6480	ENSG00000073849	ST6 beta-galactoside alpha-2,6-sialyltransferase 1	P15907		CDw75|SIAT1	schizophrenia	random	0			HGNC protein-coding, random seed 20260921
LOXL2	HGNC:6666	4017	ENSG00000134013	lysyl oxidase like 2	Q9Y4K0		WS9-14|LOR	schizophrenia	random	0			HGNC protein-coding, random seed 20260921
CSNK1G1	HGNC:2454	53944	ENSG00000169118	casein kinase 1 gamma 1	Q9HCP0		CK1gamma1	schizophrenia	random	0			HGNC protein-coding, random seed 20260921
MYO7B	HGNC:7607	4648	ENSG00000169994	myosin VIIB	Q6PIF6			schizophrenia	random	0			HGNC protein-coding, random seed 20260921
LIMCH1	HGNC:29191	22998	ENSG00000064042	LIM and calponin homology domains 1	Q9UPQ0		DKFZP686A01247|LIMCH1A|LMO7B	schizophrenia	random	0			HGNC protein-coding, random seed 20260921
CLCN1	HGNC:2019	1180	ENSG00000188037	chloride voltage-gated channel 1	P35523		CLC1|ClC-1	schizophrenia	random	0			HGNC protein-coding, random seed 20260921
TSPAN4	HGNC:11859	7106	ENSG00000214063	tetraspanin 4	O14817		NAG-2|TSPAN-4|TETRASPAN|TM4SF7	schizophrenia	random	0			HGNC protein-coding, random seed 20260921
SPX	HGNC:28139	80763	ENSG00000134548	spexin hormone	Q9BT56		MGC10946|NPQ|spexin|SPX1|C12orf39	schizophrenia	random	0			HGNC protein-coding, random seed 20260921
G3BP1	HGNC:30292	10146	ENSG00000145907	G3BP stress granule assembly factor 1	Q13283		HDH-VIII|G3BP	schizophrenia	random	0			HGNC protein-coding, random seed 20260921
TIMMDC1	HGNC:1321	51300	ENSG00000113845	translocase of inner mitochondrial membrane domain containing 1	Q9NPL8		FLJ22597|C3orf1	schizophrenia	random	0			HGNC protein-coding, random seed 20260921
YIF1B	HGNC:30511	90522	ENSG00000167645	Yip1 interacting factor homolog B, membrane trafficking protein	Q5BJH7		FinGER8	schizophrenia	random	0			HGNC protein-coding, random seed 20260921
RBBP7	HGNC:9890	5931	ENSG00000102054	RB binding protein 7, chromatin remodeling factor	Q16576		RbAp46	schizophrenia	random	0			HGNC protein-coding, random seed 20260921
TRO	HGNC:12326	7216	ENSG00000067445	trophinin	Q12816		MAGE-D3|KIAA1114|MAGED3	schizophrenia	random	0			HGNC protein-coding, random seed 20260921
RERGL	HGNC:26213	79785	ENSG00000111404	RERG like	Q9H628		FLJ22655	schizophrenia	random	0			HGNC protein-coding, random seed 20260921
MAP3K9	HGNC:6861	4293	ENSG00000006432	mitogen-activated protein kinase kinase kinase 9	P80192		PRKE1|MEKK9|MLK1	schizophrenia	random	0			HGNC protein-coding, random seed 20260921
FARP1	HGNC:3591	10160	ENSG00000152767	FERM, ARH/RhoGEF and pleckstrin domain protein 1	Q9Y4F1		CDEP|PLEKHC2|MGC87400|PPP1R75|GLCC1	schizophrenia	random	0			HGNC protein-coding, random seed 20260921
KCNJ15	HGNC:6261	3772	ENSG00000157551	potassium inwardly rectifying channel subfamily J member 15	Q99712		Kir4.2|Kir1.3|IRKK	schizophrenia	random	0			HGNC protein-coding, random seed 20260921
C19orf47	HGNC:26723	126526	ENSG00000160392	chromosome 19 open reading frame 47	Q8N9M1		FLJ36888	schizophrenia	random	0			HGNC protein-coding, random seed 20260921
CFAP161	HGNC:26782	161502	ENSG00000156206	cilia and flagella associated protein 161	Q6P656		FLJ38615|C15orf26	schizophrenia	random	0			HGNC protein-coding, random seed 20260921
ACE	HGNC:2707	1636	ENSG00000159640	angiotensin I converting enzyme	P12821		ACE1|CD143|DCP1	schizophrenia	random	0			HGNC protein-coding, random seed 20260921
SEMA3C	HGNC:10725	10512	ENSG00000075223	semaphorin 3C	Q99985		SemE|SEMAE	schizophrenia	random	0			HGNC protein-coding, random seed 20260921
PRDM11	HGNC:13996	56981	ENSG00000019485	PR/SET domain 11	Q9NQV5		PFM8	schizophrenia	random	0			HGNC protein-coding, random seed 20260921
TRMT6	HGNC:20900	51605	ENSG00000089195	tRNA methyltransferase 6 non-catalytic subunit	Q9UJA5		GCD10|MGC5029|Gcd10p|CGI-09	schizophrenia	random	0			HGNC protein-coding, random seed 20260921
CNTN3	HGNC:2173	5067	ENSG00000113805	contactin 3	Q9P232		BIG-1|PANG	schizophrenia	random	0			HGNC protein-coding, random seed 20260921
C10orf120	HGNC:25707	399814	ENSG00000183559	chromosome 10 open reading frame 120	Q5SQS8		bA318C4.1	schizophrenia	random	0			HGNC protein-coding, random seed 20260921
PSMB8	HGNC:9545	5696	ENSG00000204264	proteasome 20S subunit beta 8	P28062		RING10|D6S216E|PSMB5i|beta5i|LMP7	schizophrenia	random	0			HGNC protein-coding, random seed 20260921
NTN3	HGNC:8030	4917	ENSG00000162068	netrin 3	O00634		NTN2L	schizophrenia	random	0			HGNC protein-coding, random seed 20260921
ATP10B	HGNC:13543	23120	ENSG00000118322	ATPase phospholipid transporting 10B (putative)	O94823		ATPVB|KIAA0715|FLJ21477	schizophrenia	random	0			HGNC protein-coding, random seed 20260921
UNC13D	HGNC:23147	201294	ENSG00000092929	unc-13 homolog D	Q70J99		Munc13-4	schizophrenia	random	0			HGNC protein-coding, random seed 20260921
ZNF813	HGNC:33257	126017	ENSG00000198346	zinc finger protein 813	Q6ZN06		FLJ16542	schizophrenia	random	0			HGNC protein-coding, random seed 20260921
PCP4	HGNC:8742	5121	ENSG00000183036	Purkinje cell protein 4	P48539		PEP-19	schizophrenia	random	0			HGNC protein-coding, random seed 20260921
ZSCAN1	HGNC:23712	284312	ENSG00000152467	zinc finger and SCAN domain containing 1	Q8NBB4		FLJ33779|ZNF915	schizophrenia	random	0			HGNC protein-coding, random seed 20260921
PDPR	HGNC:30264	55066	ENSG00000090857	pyruvate dehydrogenase phosphatase regulatory subunit	Q8NCN5		PDP3	schizophrenia	random	0			HGNC protein-coding, random seed 20260921
DDX59	HGNC:25360	83479	ENSG00000118197	DEAD-box helicase 59	Q5T1V6		DKFZP564B1023|ZNHIT5	schizophrenia	random	0			HGNC protein-coding, random seed 20260921
CASP2	HGNC:1503	835	ENSG00000106144	caspase 2	P42575		ICH1|PPP1R57|MGC2181|NEDD2	schizophrenia	random	0			HGNC protein-coding, random seed 20260921
DRC8	HGNC:28166	84288	ENSG00000203666	dynein regulatory complex subunit 8	Q5VUJ9		MGC12458|DRC8|CFAP200|EFCAB2	schizophrenia	random	0			HGNC protein-coding, random seed 20260921
SMG5	HGNC:24644	23381	ENSG00000198952	SMG5 nonsense mediated mRNA decay factor	Q9UPR3		KIAA1089|LPTS-RP1|LPTSRP1|RP11-54H19.7|SMG-5|EST1B	schizophrenia	random	0			HGNC protein-coding, random seed 20260921
SLC19A2	HGNC:10938	10560	ENSG00000117479	solute carrier family 19 member 2	O60779		THTR1|ThT1|TRMA	schizophrenia	random	0			HGNC protein-coding, random seed 20260921
RHBDL2	HGNC:16083	54933	ENSG00000158315	rhomboid like 2	Q9NX52		FLJ20435	schizophrenia	random	0			HGNC protein-coding, random seed 20260921
CHERP	HGNC:16930	10523	ENSG00000085872	calcium homeostasis endoplasmic reticulum protein	Q8IWX8		ERPROT213-21|DAN16	schizophrenia	random	0			HGNC protein-coding, random seed 20260921
USP17L21	HGNC:44449	100287478	ENSG00000249811	ubiquitin specific peptidase 17 like family member 21	D6R901			schizophrenia	random	0			HGNC protein-coding, random seed 20260921
SELENOI	HGNC:29361	85465	ENSG00000138018	selenoprotein I	Q9C0D9		KIAA1724|SELI|SEPI|EPT1	schizophrenia	random	0			HGNC protein-coding, random seed 20260921
ACSL1	HGNC:3569	2180	ENSG00000151726	acyl-CoA synthetase long chain family member 1	P33121		LACS2|LACS|ACS1|LACS1|FACL1|FACL2	schizophrenia	random	0			HGNC protein-coding, random seed 20260921
TTLL5	HGNC:19963	23093	ENSG00000119685	tubulin tyrosine ligase like 5	Q6EMB2		STAMP|KIAA0998	schizophrenia	random	0			HGNC protein-coding, random seed 20260921
RCHY1	HGNC:17479	25898	ENSG00000163743	ring finger and CHY zinc finger domain containing 1	Q96PM5		CHIMP|DKFZp586C1620|PRO1996|RNF199|ARNIP|PIRH2|ZCHY|ZNF363	schizophrenia	random	0			HGNC protein-coding, random seed 20260921
BUD23	HGNC:16405	114049	ENSG00000071462	BUD23 rRNA methyltransferase and ribosome maturation factor	O43709		MGC19709|MGC2022|MGC5140|PP3381|WBMT|MERM1|WBSCR22	schizophrenia	random	0			HGNC protein-coding, random seed 20260921
CTXN3	HGNC:31110	613212	ENSG00000205279	cortexin 3	Q4LDR2			schizophrenia	random	0			HGNC protein-coding, random seed 20260921
IRF3	HGNC:6118	3661	ENSG00000126456	interferon regulatory factor 3	Q14653			schizophrenia	random	0			HGNC protein-coding, random seed 20260921
IRS1	HGNC:6125	3667	ENSG00000169047	insulin receptor substrate 1	P35568		HIRS-1	schizophrenia	random	0			HGNC protein-coding, random seed 20260921
BEX2	HGNC:30933	84707	ENSG00000133134	brain expressed X-linked 2	Q9BXY8		DJ79P11.1	schizophrenia	random	0			HGNC protein-coding, random seed 20260921
RHOD	HGNC:670	29984	ENSG00000173156	ras homolog family member D	O00212		RhoHP1|Rho|ARHD	schizophrenia	random	0			HGNC protein-coding, random seed 20260921
LST1	HGNC:14189	7940	ENSG00000204482	leukocyte specific transcript 1	O00453		LST-1|B144|D6S49E	schizophrenia	random	0			HGNC protein-coding, random seed 20260921
SIGLEC8	HGNC:10877	27181	ENSG00000105366	sialic acid binding Ig like lectin 8	Q9NYZ4		SIGLEC-8|SAF2|SIGLEC8L|MGC59785	schizophrenia	random	0			HGNC protein-coding, random seed 20260921
ANTXRL	HGNC:27277	195977	ENSG00000274209	ANTXR like	A6NF34			schizophrenia	random	0			HGNC protein-coding, random seed 20260921
FAM90A17	HGNC:32265	728746	ENSG00000285720	family with sequence similarity 90 member A17	P0DV74		FAM90A17P	schizophrenia	random	0			HGNC protein-coding, random seed 20260921
MMD2	HGNC:30133	221938	ENSG00000136297	monocyte to macrophage differentiation associated 2	Q8IY49		PAQR10	schizophrenia	random	0			HGNC protein-coding, random seed 20260921
TMEM151B	HGNC:21315	441151	ENSG00000178233	transmembrane protein 151B	Q8IW70		bA444E17.5|C6orf137|TMEM193	schizophrenia	random	0			HGNC protein-coding, random seed 20260921
TECTB	HGNC:11721	6975	ENSG00000119913	tectorin beta	Q96PL2			schizophrenia	random	0			HGNC protein-coding, random seed 20260921
VPS37B	HGNC:25754	79720	ENSG00000139722	VPS37B subunit of ESCRT-I	Q9H9H4		FLJ12750	schizophrenia	random	0			HGNC protein-coding, random seed 20260921
EMD	HGNC:3331	2010	ENSG00000102119	emerin	P50402		STA|LEMD5	schizophrenia	random	0			HGNC protein-coding, random seed 20260921
GPR68	HGNC:4519	8111	ENSG00000119714	G protein-coupled receptor 68	Q15743		OGR1	schizophrenia	random	0			HGNC protein-coding, random seed 20260921
NGFR	HGNC:7809	4804	ENSG00000064300	nerve growth factor receptor	P08138		TNFRSF16|CD271|p75NTR	schizophrenia	random	0			HGNC protein-coding, random seed 20260921
NRAS	HGNC:7989	4893	ENSG00000213281	NRAS proto-oncogene, GTPase	P01111		N-ras	schizophrenia	random	0			HGNC protein-coding, random seed 20260921
LGR5	HGNC:4504	8549	ENSG00000139292	leucine rich repeat containing G protein-coupled receptor 5	O75473		HG38|FEX|GPR67|GPR49	schizophrenia	random	0			HGNC protein-coding, random seed 20260921
CAVIN4	HGNC:33742	347273	ENSG00000170681	caveolae associated protein 4	Q5BKX8		cavin-4|MURC	schizophrenia	random	0			HGNC protein-coding, random seed 20260921
ZNF268	HGNC:13061	10795	ENSG00000090612	zinc finger protein 268	Q14587		HZF3	schizophrenia	random	0			HGNC protein-coding, random seed 20260921
ESM1	HGNC:3466	11082	ENSG00000164283	endothelial cell specific molecule 1	Q9NQ30			schizophrenia	random	0			HGNC protein-coding, random seed 20260921
TONSL	HGNC:7801	4796	ENSG00000160949	tonsoku like, DNA repair protein	Q96HA7		IKBR|NFKBIL2	schizophrenia	random	0			HGNC protein-coding, random seed 20260921
PHOX2A	HGNC:691	401	ENSG00000165462	paired like homeobox 2A	O14813		PMX2A|CFEOM2|ARIX|FEOM2	schizophrenia	random	0			HGNC protein-coding, random seed 20260921
FSTL1	HGNC:3972	11167	ENSG00000163430	follistatin like 1	Q12841		FRP|FSL1|OCC1|OCC-1|tsc36	schizophrenia	random	0			HGNC protein-coding, random seed 20260921
SIRT1	HGNC:14929	23411	ENSG00000096717	sirtuin 1	Q96EB6		SIR2L1	schizophrenia	random	0			HGNC protein-coding, random seed 20260921
EWSR1	HGNC:3508	2130	ENSG00000182944	EWS RNA binding protein 1	Q01844		EWS	schizophrenia	random	0			HGNC protein-coding, random seed 20260921
ZC3H12B	HGNC:17407	340554	ENSG00000102053	zinc finger CCCH-type containing 12B	Q5HYM0		MCPIP2|CXorf32	schizophrenia	random	0			HGNC protein-coding, random seed 20260921
RD3	HGNC:19689	343035	ENSG00000198570	RD3 regulator of GUCY2D	Q7Z3Z2		LCA12|C1orf36	schizophrenia	random	0			HGNC protein-coding, random seed 20260921
EMC10	HGNC:27609	284361	ENSG00000161671	ER membrane protein complex subunit 10	Q5UCC4		INM02|HSS1|HSM1|C19orf63	schizophrenia	random	0			HGNC protein-coding, random seed 20260921
APLP2	HGNC:598	334	ENSG00000084234	amyloid beta precursor like protein 2	Q06481		APPH|APPL2	schizophrenia	random	0			HGNC protein-coding, random seed 20260921
CD28	HGNC:1653	940	ENSG00000178562	CD28 molecule	P10747			schizophrenia	random	0			HGNC protein-coding, random seed 20260921
PRH2	HGNC:9367	5555	ENSG00000134551	proline rich protein HaeIII subfamily 2	P02810		Pr	schizophrenia	random	0			HGNC protein-coding, random seed 20260921
NDUFS5	HGNC:7712	4725	ENSG00000168653	NADH:ubiquinone oxidoreductase subunit S5	O43920		CI-15k	schizophrenia	random	0			HGNC protein-coding, random seed 20260921
UBE2V1	HGNC:12494	7335	ENSG00000244687	ubiquitin conjugating enzyme E2 V1	Q13404		UEV-1|CROC-1|UEV1A|CROC1|UBE2V	schizophrenia	random	0			HGNC protein-coding, random seed 20260921
HRCT1	HGNC:33872	646962	ENSG00000196196	histidine rich carboxyl terminus 1	Q6UXD1		LGLL338|PRO537|UNQ338	schizophrenia	random	0			HGNC protein-coding, random seed 20260921
OLFM3	HGNC:17990	118427	ENSG00000118733	olfactomedin 3	Q96PB7		NOE3	schizophrenia	random	0			HGNC protein-coding, random seed 20260921
SERPINB5	HGNC:8949	5268	ENSG00000206075	serpin family B member 5	P36952		maspin|PI5	schizophrenia	random	0			HGNC protein-coding, random seed 20260921
ZDHHC16	HGNC:20714	84287	ENSG00000171307	zDHHC palmitoyltransferase 16	Q969W1		APH2	schizophrenia	random	0			HGNC protein-coding, random seed 20260921
CDC34	HGNC:1734	997	ENSG00000099804	cell division cycle 34, ubiquitin conjugating enzyme	P49427		E2-CDC34|UBE2R1|UBC3	schizophrenia	random	0			HGNC protein-coding, random seed 20260921
HAP1	HGNC:4812	9001	ENSG00000173805	huntingtin associated protein 1	P54257		HLP|hHLP1|HIP5|HAP2	schizophrenia	random	0			HGNC protein-coding, random seed 20260921
SMAGP	HGNC:26918	57228	ENSG00000170545	small cell adhesion glycoprotein	Q0VAQ4		MGC149453|MGC149454|hSMAGP	schizophrenia	random	0			HGNC protein-coding, random seed 20260921
MEAK7	HGNC:29325	57707	ENSG00000140950	MTOR associated protein MEAK7	Q6P9B6		mEAK-7|KIAA1609|TLDC1	schizophrenia	random	0			HGNC protein-coding, random seed 20260921
H4C1	HGNC:4781	8359	ENSG00000278637	H4 clustered histone 1	P62805		H4FA|HIST1H4A	schizophrenia	random	0			HGNC protein-coding, random seed 20260921
HGS	HGNC:4897	9146	ENSG00000185359	hepatocyte growth factor-regulated tyrosine kinase substrate	O14964		Hrs|ZFYVE8|Vps27	schizophrenia	random	0			HGNC protein-coding, random seed 20260921
SAP30BP	HGNC:30785	29115	ENSG00000161526	SAP30 binding protein	Q9UHR5		HCNGP|HTRG|HTRP	schizophrenia	random	0			HGNC protein-coding, random seed 20260921
HNRNPA0	HGNC:5030	10949	ENSG00000177733	heterogeneous nuclear ribonucleoprotein A0	Q13151		HNRPA0	schizophrenia	random	0			HGNC protein-coding, random seed 20260921
SNX15	HGNC:14978	29907	ENSG00000110025	sorting nexin 15	Q9NRS6			schizophrenia	random	0			HGNC protein-coding, random seed 20260921
F2RL1	HGNC:3538	2150	ENSG00000164251	F2R like trypsin receptor 1	P55085		PAR2|GPR11	schizophrenia	random	0			HGNC protein-coding, random seed 20260921
ZDHHC21	HGNC:20750	340481	ENSG00000175893	zDHHC palmitoyltransferase 21	Q8IVQ6		HSPC097|DNZ1|DHHC21	schizophrenia	random	0			HGNC protein-coding, random seed 20260921
KLHL29	HGNC:29404	114818	ENSG00000119771	kelch like family member 29	Q96CT2		KIAA1921|KBTBD9	schizophrenia	random	0			HGNC protein-coding, random seed 20260921
ORMDL3	HGNC:16038	94103	ENSG00000172057	ORMDL sphingolipid biosynthesis regulator 3	Q8N138			schizophrenia	random	0			HGNC protein-coding, random seed 20260921
ANXA10	HGNC:534	11199	ENSG00000109511	annexin A10	Q9UJ72		ANX14	schizophrenia	random	0			HGNC protein-coding, random seed 20260921
MVB12A	HGNC:25153	93343	ENSG00000141971	multivesicular body subunit 12A	Q96EY5		FLJ32495|FAM125A	schizophrenia	random	0			HGNC protein-coding, random seed 20260921
RFX3	HGNC:9984	5991	ENSG00000080298	regulatory factor X3	P48380			schizophrenia	random	0			HGNC protein-coding, random seed 20260921
NEDD9	HGNC:7733	4739	ENSG00000111859	neural precursor cell expressed, developmentally down-regulated 9	Q14511		HEF1|CAS-L|CASS2	schizophrenia	random	0			HGNC protein-coding, random seed 20260921
CELA2A	HGNC:24609	63036	ENSG00000142615	chymotrypsin like elastase 2A	P08217		ELA2A	schizophrenia	random	0			HGNC protein-coding, random seed 20260921
TMEM237	HGNC:14432	65062	ENSG00000155755	transmembrane protein 237	Q96Q45		JBTS14|ALS2CR4	schizophrenia	random	0			HGNC protein-coding, random seed 20260921
STKLD1	HGNC:28669	169436	ENSG00000198870	serine/threonine kinase like domain containing 1	Q8NE28		MGC43306|SGK071|C9orf96	schizophrenia	random	0			HGNC protein-coding, random seed 20260921
HAUS6	HGNC:25948	54801	ENSG00000147874	HAUS augmin like complex subunit 6	Q7Z4H7		FLJ20060|KIAA1574|dgt6|FAM29A	schizophrenia	random	0			HGNC protein-coding, random seed 20260921
XG	HGNC:12806	7499	ENSG00000124343	Xg glycoprotein (Xg blood group)	P55808		PBDX	schizophrenia	random	0			HGNC protein-coding, random seed 20260921
TPSAB1	HGNC:12019	7177	ENSG00000172236	tryptase alpha/beta 1	Q15661		TPSB1|TPS1|TPS2	schizophrenia	random	0			HGNC protein-coding, random seed 20260921
LRRC70	HGNC:35155	100130733	ENSG00000186105	leucine rich repeat containing 70	Q7Z2Q7		SLRN|LOC100130733	schizophrenia	random	0			HGNC protein-coding, random seed 20260921
EIF3M	HGNC:24460	10480	ENSG00000149100	eukaryotic translation initiation factor 3 subunit M	Q7L2H7		hfl-B5|FLJ29030|GA17|TANGO7|PCID1	schizophrenia	random	0			HGNC protein-coding, random seed 20260921
NES	HGNC:7756	10763	ENSG00000132688	nestin	P48681		FLJ21841	schizophrenia	random	0			HGNC protein-coding, random seed 20260921
GARIN1A	HGNC:27998	346653	ENSG00000205085	golgi associated RAB2 interactor 1A	Q6NXP2		GARI|FAM137B|FAM71F2	schizophrenia	random	0			HGNC protein-coding, random seed 20260921
ASDURF	HGNC:53619	110599588	ENSG00000286053	ASNSD1 upstream open reading frame	L0R819		ASNSD1-SEP	schizophrenia	random	0			HGNC protein-coding, random seed 20260921
PROC	HGNC:9451	5624	ENSG00000115718	protein C, inactivator of coagulation factors Va and VIIIa	P04070			schizophrenia	random	0			HGNC protein-coding, random seed 20260921
F2RL2	HGNC:3539	2151	ENSG00000164220	coagulation factor II thrombin receptor like 2	O00254		PAR3	schizophrenia	random	0			HGNC protein-coding, random seed 20260921
FMR1NB	HGNC:26372	158521	ENSG00000176988	FMR1 neighbor	Q8N0W7		FLJ25736|NY-SAR-35|CT37	schizophrenia	random	0			HGNC protein-coding, random seed 20260921
KCNK9	HGNC:6283	51305	ENSG00000169427	potassium two pore domain channel subfamily K member 9	Q9NPC2		K2p9.1|TASK3|TASK-3	schizophrenia	random	0			HGNC protein-coding, random seed 20260921
HAX1	HGNC:16915	10456	ENSG00000143575	HCLS1 associated protein X-1	O00165		HS1BP1|HCLSBP1|HAX-1	schizophrenia	random	0			HGNC protein-coding, random seed 20260921
SELENOV	HGNC:30399	348303	ENSG00000186838	selenoprotein V	P59797		SELV	schizophrenia	random	0			HGNC protein-coding, random seed 20260921
OSBPL7	HGNC:16387	114881	ENSG00000006025	oxysterol binding protein like 7	Q9BZF2		ORP7|MGC71150	schizophrenia	random	0			HGNC protein-coding, random seed 20260921
ZNG1C	HGNC:18519	445571	ENSG00000196873	Zn regulated GTPase metalloprotein activator 1C	Q5JTY5		bA561O23.1|CBWD3	schizophrenia	random	0			HGNC protein-coding, random seed 20260921
SLC35D3	HGNC:15621	340146	ENSG00000182747	solute carrier family 35 member D3	Q5M8T2		FRCL1	schizophrenia	random	0			HGNC protein-coding, random seed 20260921
SPACA6	HGNC:27113	147650	ENSG00000182310	sperm acrosome associated 6	W5XKT8		LET7EH|NCRNA00085|LINC00085|SPACA6P	schizophrenia	random	0			HGNC protein-coding, random seed 20260921
SGPP1	HGNC:17720	81537	ENSG00000126821	sphingosine-1-phosphate phosphatase 1	Q9BX95			schizophrenia	random	0			HGNC protein-coding, random seed 20260921
HSD17B6	HGNC:23316	8630	ENSG00000025423	hydroxysteroid 17-beta dehydrogenase 6	O14756		HSE|RODH|SDR9C6	schizophrenia	random	0			HGNC protein-coding, random seed 20260921
DSCC1	HGNC:24453	79075	ENSG00000136982	DNA replication and sister chromatid cohesion 1	Q9BVC3		DCC1|hDCC1|MGC5528	schizophrenia	random	0			HGNC protein-coding, random seed 20260921
KLHL32	HGNC:21221	114792	ENSG00000186231	kelch like family member 32	Q96NJ5		BKLHD5|KIAA1900	schizophrenia	random	0			HGNC protein-coding, random seed 20260921
MUC21	HGNC:21661	394263	ENSG00000204544	mucin 21, cell surface associated	Q5SSG8		bCX31G15.2|C6orf205	schizophrenia	random	0			HGNC protein-coding, random seed 20260921
PRB2	HGNC:9338	653247	ENSG00000121335	proline rich protein BstNI subfamily 2	P02812		PRPPRB1|Ps|cP7	schizophrenia	random	0			HGNC protein-coding, random seed 20260921
NKD1	HGNC:17045	85407	ENSG00000140807	NKD inhibitor of Wnt signaling pathway 1	Q969G9			schizophrenia	random	0			HGNC protein-coding, random seed 20260921
CSNK2A2IP	HGNC:53637	111064647	ENSG00000283434	casein kinase 2 subunit alpha' interacting protein	A0A1B0GTH6		CSNKA2IP	schizophrenia	random	0			HGNC protein-coding, random seed 20260921
TEX36	HGNC:31653	387718	ENSG00000175018	testis expressed 36	Q5VZQ5		bA383C5.1|C10orf122	schizophrenia	random	0			HGNC protein-coding, random seed 20260921
FBXO33	HGNC:19833	254170	ENSG00000165355	F-box protein 33	Q7Z6M2		Fbx33	schizophrenia	random	0			HGNC protein-coding, random seed 20260921
TOPORS	HGNC:21653	10210	ENSG00000197579	TOP1 binding arginine/serine rich protein, E3 ubiquitin ligase	Q9NS56		TP53BPL|LUN|RP31	schizophrenia	random	0			HGNC protein-coding, random seed 20260921
RORB	HGNC:10259	6096	ENSG00000198963	RAR related orphan receptor B	Q92753		RZRB|NR1F2|ROR-BETA|RORβ|RZR-BETA	schizophrenia	random	0			HGNC protein-coding, random seed 20260921
GATAD2B	HGNC:30778	57459	ENSG00000143614	GATA zinc finger domain containing 2B	Q8WXI9		P66beta	schizophrenia	random	0			HGNC protein-coding, random seed 20260921
IKBIP	HGNC:26430	121457	ENSG00000166130	IKBKB interacting protein	Q70UQ0		FLJ31051|IKIP	schizophrenia	random	0			HGNC protein-coding, random seed 20260921
EXOSC8	HGNC:17035	11340	ENSG00000120699	exosome component 8	Q96B26		OIP2|RRP43|bA421P11.3|Rrp43p|EAP2|p9|CIP3	schizophrenia	random	0			HGNC protein-coding, random seed 20260921
KRTAP19-4	HGNC:18939	337971	ENSG00000186967	keratin associated protein 19-4	Q3LI73		KAP19.4	schizophrenia	random	0			HGNC protein-coding, random seed 20260921
C21orf140	HGNC:39602	101928147	ENSG00000222018	chromosome 21 open reading frame 140	B9A014		FAM243A	schizophrenia	random	0			HGNC protein-coding, random seed 20260921
LPA	HGNC:6667	4018	ENSG00000198670	lipoprotein(a)	P08519		Lp(a)|LP	schizophrenia	random	0			HGNC protein-coding, random seed 20260921
FHL3	HGNC:3704	2275	ENSG00000183386	four and a half LIM domains 3	Q13643		SLIM2	schizophrenia	random	0			HGNC protein-coding, random seed 20260921
PPIAL4D	HGNC:33998	645142	ENSG00000289549	peptidylprolyl isomerase A like 4D	F5H284			schizophrenia	random	0			HGNC protein-coding, random seed 20260921
CSPP1	HGNC:26193	79848	ENSG00000104218	centrosome and spindle pole associated protein 1	Q1MSJ5		FLJ22490|CSPP|JBTS21|CSPP-L	schizophrenia	random	0			HGNC protein-coding, random seed 20260921
P2RY2	HGNC:8541	5029	ENSG00000175591	purinergic receptor P2Y2	P41231		P2U	schizophrenia	random	0			HGNC protein-coding, random seed 20260921
KIR3DL2	HGNC:6339	3812	ENSG00000240403	killer cell immunoglobulin like receptor, three Ig domains and long cytoplasmic tail 2	P43630		cl-5|nkat4|nkat4a|nkat4b|CD158K	schizophrenia	random	0			HGNC protein-coding, random seed 20260921
MND1	HGNC:24839	84057	ENSG00000121211	meiotic nuclear divisions 1	Q9BWT6		GAJ	schizophrenia	random	0			HGNC protein-coding, random seed 20260921
ALG12	HGNC:19358	79087	ENSG00000182858	ALG12 alpha-1,6-mannosyltransferase	Q9BV10		ECM39|CDG1G	schizophrenia	random	0			HGNC protein-coding, random seed 20260921
SERINC4	HGNC:32237	619189	ENSG00000184716	serine incorporator 4	A6NH21		FLJ40363	schizophrenia	random	0			HGNC protein-coding, random seed 20260921
ANKRD10	HGNC:20265	55608	ENSG00000088448	ankyrin repeat domain 10	Q9NXR5		FLJ20093	schizophrenia	random	0			HGNC protein-coding, random seed 20260921
UCKL1	HGNC:15938	54963	ENSG00000198276	uridine-cytidine kinase 1 like 1	Q9NWZ5		FLJ20517|URKL1	schizophrenia	random	0			HGNC protein-coding, random seed 20260921
ENAH	HGNC:18271	55740	ENSG00000154380	ENAH actin regulator	Q8N8S7		FLJ10773|NDPP1|MENA	schizophrenia	random	0			HGNC protein-coding, random seed 20260921
SEMA3B	HGNC:10724	7869	ENSG00000012171	semaphorin 3B	Q13214		SemA|semaV|LUCA-1|sema5|SEMAA	schizophrenia	random	0			HGNC protein-coding, random seed 20260921
SULT6B1	HGNC:33433	391365	ENSG00000138068	sulfotransferase family 6B member 1	Q6IMI4			schizophrenia	random	0			HGNC protein-coding, random seed 20260921
H4C7	HGNC:4792	8369	ENSG00000275663	H4 clustered histone 7	Q99525		H4/l|H4FL|HIST1H4G	schizophrenia	random	0			HGNC protein-coding, random seed 20260921
RFC1	HGNC:9969	5981	ENSG00000035928	replication factor C subunit 1	P35251		A1|PO-GA|RFC140|MHCBFB	schizophrenia	random	0			HGNC protein-coding, random seed 20260921
EDA	HGNC:3157	1896	ENSG00000158813	ectodysplasin A	Q92838		EDA1|XLHED|HED|XHED|ED1-A1|ED1-A2|EDA-A1|EDA-A2|ED1|EDA2|ODT1	schizophrenia	random	0			HGNC protein-coding, random seed 20260921
ZNF639	HGNC:30950	51193	ENSG00000121864	zinc finger protein 639	Q9UID6		ANC-2H01|ZASC1	schizophrenia	random	0			HGNC protein-coding, random seed 20260921
LRRIQ1	HGNC:25708	84125	ENSG00000133640	leucine rich repeats and IQ motif containing 1	Q96JM4		FLJ12303|KIAA1801	schizophrenia	random	0			HGNC protein-coding, random seed 20260921
TBXT	HGNC:11515	6862	ENSG00000164458	T-box transcription factor T	O15178		T	schizophrenia	random	0			HGNC protein-coding, random seed 20260921
APBA2	HGNC:579	321	ENSG00000034053	amyloid beta precursor protein binding family A member 2	Q99767		D15S1518E|LIN-10|MGC:14091|HsT16821|X11L|MINT2	schizophrenia	random	0			HGNC protein-coding, random seed 20260921
CFAP99	HGNC:51180	402160	ENSG00000206113	cilia and flagella associated protein 99	D6REC4			schizophrenia	random	0			HGNC protein-coding, random seed 20260921
IL6ST	HGNC:6021	3572	ENSG00000134352	interleukin 6 cytokine family signal transducer	P40189		GP130|CD130|sGP130|IL-6RB	schizophrenia	random	0			HGNC protein-coding, random seed 20260921
SMPDL3B	HGNC:21416	27293	ENSG00000130768	sphingomyelin phosphodiesterase acid like 3B	Q92485		ASML3B	schizophrenia	random	0			HGNC protein-coding, random seed 20260921
REEP5	HGNC:30077	7905	ENSG00000129625	receptor accessory protein 5	Q00765		DP1|TB2|D5S346|Yip2e|POB16|C5orf18	schizophrenia	random	0			HGNC protein-coding, random seed 20260921
ZNF101	HGNC:12881	94039	ENSG00000181896	zinc finger protein 101	Q8IZC7		HZF12|DKFZp570I0164	schizophrenia	random	0			HGNC protein-coding, random seed 20260921
SUGP2	HGNC:18641	10147	ENSG00000064607	SURP and G-patch domain containing 2	Q8IX01		KIAA0365|SFRS14	schizophrenia	random	0			HGNC protein-coding, random seed 20260921
TNFAIP2	HGNC:11895	7127	ENSG00000185215	TNF alpha induced protein 2	Q03169		B94|EXOC3L3	schizophrenia	random	0			HGNC protein-coding, random seed 20260921
ADAMTS14	HGNC:14899	140766	ENSG00000138316	ADAM metallopeptidase with thrombospondin type 1 motif 14	Q8WXS8			schizophrenia	random	0			HGNC protein-coding, random seed 20260921
PPFIBP1	HGNC:9249	8496	ENSG00000110841	PPFIB scaffold protein 1	Q86W92		L2|hSGT2|hSgt2p|SGT2|liprin-beta1	schizophrenia	random	0			HGNC protein-coding, random seed 20260921
LARP4B	HGNC:28987	23185	ENSG00000107929	La ribonucleoprotein 4B	Q92615		KIAA0217|LARP5	schizophrenia	random	0			HGNC protein-coding, random seed 20260921
ZBTB26	HGNC:23383	57684	ENSG00000171448	zinc finger and BTB domain containing 26	Q9HCK0		ZNF481	schizophrenia	random	0			HGNC protein-coding, random seed 20260921
SPNS2	HGNC:26992	124976	ENSG00000183018	SPNS lysolipid transporter 2, sphingosine-1-phosphate	Q8IVW8		SLC63A2	schizophrenia	random	0			HGNC protein-coding, random seed 20260921
ARL8B	HGNC:25564	55207	ENSG00000134108	ARF like GTPase 8B	Q9NVJ2		FLJ10702|Gie1|ARL10C	schizophrenia	random	0			HGNC protein-coding, random seed 20260921
OOSP3	HGNC:53903	112577461	ENSG00000285231	oocyte secreted protein family member 3	A0A2R8YFM6			schizophrenia	random	0			HGNC protein-coding, random seed 20260921
ABCA9	HGNC:39	10350	ENSG00000154258	ATP binding cassette subfamily A member 9	Q8IUA7		EST640918	schizophrenia	random	0			HGNC protein-coding, random seed 20260921
CNTNAP2	HGNC:13830	26047	ENSG00000174469	contactin associated protein 2	Q9UHC6		Caspr2|KIAA0868|NRXN4	schizophrenia	random	0			HGNC protein-coding, random seed 20260921
LRRC42	HGNC:28792	115353	ENSG00000116212	leucine rich repeat containing 42	Q9Y546		MGC8974	schizophrenia	random	0			HGNC protein-coding, random seed 20260921
E2F8	HGNC:24727	79733	ENSG00000129173	E2F transcription factor 8	A0AVK6		FLJ23311	schizophrenia	random	0			HGNC protein-coding, random seed 20260921
FYB1	HGNC:4036	2533	ENSG00000082074	FYN binding protein 1	O15117		SLAP-130|FYB-120/130|ADAP|FYB	schizophrenia	random	0			HGNC protein-coding, random seed 20260921
MRPL44	HGNC:16650	65080	ENSG00000135900	mitochondrial ribosomal protein L44	Q9H9J2		FLJ12701|FLJ13990|mL44	schizophrenia	random	0			HGNC protein-coding, random seed 20260921
SNX9	HGNC:14973	51429	ENSG00000130340	sorting nexin 9	Q9Y5X1		SH3PX1|SDP1|SH3PXD3A	schizophrenia	random	0			HGNC protein-coding, random seed 20260921
FAM32A	HGNC:24563	26017	ENSG00000105058	family with sequence similarity 32 member A	Q9Y421		DKFZP586O0120|OTAG-12	schizophrenia	random	0			HGNC protein-coding, random seed 20260921
FOXD4	HGNC:3805	2298	ENSG00000170122	forkhead box D4	Q12950		FREAC5|FOXD4a|FKHL9	schizophrenia	random	0			HGNC protein-coding, random seed 20260921
NICN1	HGNC:18317	84276	ENSG00000145029	nicolin 1, tubulin polyglutamylase complex subunit	Q9BSH3		MGC12936	schizophrenia	random	0			HGNC protein-coding, random seed 20260921
IFNK	HGNC:21714	56832	ENSG00000147896	interferon kappa	Q9P0W0			schizophrenia	random	0			HGNC protein-coding, random seed 20260921
KCNT2	HGNC:18866	343450	ENSG00000162687	potassium sodium-activated channel subfamily T member 2	Q6UVM3		KCa4.2|SLICK|SLO2.1	schizophrenia	random	0			HGNC protein-coding, random seed 20260921
SENP6	HGNC:20944	26054	ENSG00000112701	SUMO specific peptidase 6	Q9GZR1		SUSP1|KIAA0797	schizophrenia	random	0			HGNC protein-coding, random seed 20260921
PTGS1	HGNC:9604	5742	ENSG00000095303	prostaglandin-endoperoxide synthase 1	P23219		COX1|PGHS-1|PTGHS	schizophrenia	random	0			HGNC protein-coding, random seed 20260921
MAP3K12	HGNC:6851	7786	ENSG00000139625	mitogen-activated protein kinase kinase kinase 12	Q12852		MUK|DLK|ZPKP1|MEKK12|ZPK	schizophrenia	random	0			HGNC protein-coding, random seed 20260921
TRIQK	HGNC:27828	286144	ENSG00000205133	triple QxxK/R motif containing	Q629K1		DKFZp779L1068|PRO0845|LOC286144|C8orf83	schizophrenia	random	0			HGNC protein-coding, random seed 20260921
BIK	HGNC:1051	638	ENSG00000100290	BCL2 interacting killer	Q13323		NBK	schizophrenia	random	0			HGNC protein-coding, random seed 20260921
GNL2	HGNC:29925	29889	ENSG00000134697	G protein nucleolar 2	Q13823		Ngp-1|HUMAUANTIG|Nog2|Nug2	schizophrenia	random	0			HGNC protein-coding, random seed 20260921
TMED6	HGNC:28331	146456	ENSG00000157315	transmembrane p24 trafficking protein 6	Q8WW62		MGC23911|p24gamma5|p24g5	schizophrenia	random	0			HGNC protein-coding, random seed 20260921
ZNF593OS	HGNC:41278	118568799	ENSG00000236782	ZNF593 opposite strand	A0A0U1RRA0		ZNF593-AS	schizophrenia	random	0			HGNC protein-coding, random seed 20260921
PFDN2	HGNC:8867	5202	ENSG00000143256	prefoldin subunit 2	Q9UHV9			schizophrenia	random	0			HGNC protein-coding, random seed 20260921
XRCC4	HGNC:12831	7518	ENSG00000152422	X-ray repair cross complementing 4	Q13426		hXRCC4	schizophrenia	random	0			HGNC protein-coding, random seed 20260921
OR11H2	HGNC:14716	79334	ENSG00000258453	olfactory receptor family 11 subfamily H member 2	Q8NH07		OR11H2P|OR11H8P|C14orf15	schizophrenia	random	0			HGNC protein-coding, random seed 20260921
CA7	HGNC:1381	766	ENSG00000168748	carbonic anhydrase 7	P43166			schizophrenia	random	0			HGNC protein-coding, random seed 20260921
RFLNB	HGNC:28705	359845	ENSG00000183688	refilin B	Q8N5W9		MGC45871|RefilinB|Cfm1|FAM101B	schizophrenia	random	0			HGNC protein-coding, random seed 20260921
TRIP11	HGNC:12305	9321	ENSG00000100815	thyroid hormone receptor interactor 11	Q15643		CEV14|Trip230|GMAP-210|GMAP210	schizophrenia	random	0			HGNC protein-coding, random seed 20260921
PDZD4	HGNC:21167	57595	ENSG00000067840	PDZ domain containing 4	Q76G19		KIAA1444|LU1|FLJ34125|PDZRN4L|LNX5|PDZK4	schizophrenia	random	0			HGNC protein-coding, random seed 20260921
HOXD3	HGNC:5137	3232	ENSG00000128652	homeobox D3	P31249		HOX4A|HOX4|HOX1D	schizophrenia	random	0			HGNC protein-coding, random seed 20260921
EOLA2	HGNC:17402	541578	ENSG00000197021	endothelium and lymphocyte associated ASCH domain 2	Q96DE9		CXorf40B	schizophrenia	random	0			HGNC protein-coding, random seed 20260921
ORC4	HGNC:8490	5000	ENSG00000115947	origin recognition complex subunit 4	O43929		HsORC4|Orc4p|ORC4L	schizophrenia	random	0			HGNC protein-coding, random seed 20260921
MDH1	HGNC:6970	4190	ENSG00000014641	malate dehydrogenase 1	P40925			schizophrenia	random	0			HGNC protein-coding, random seed 20260921
PPP1R1C	HGNC:14940	151242	ENSG00000150722	protein phosphatase 1 regulatory inhibitor subunit 1C	Q8WVI7		Inhibitor-1-like	schizophrenia	random	0			HGNC protein-coding, random seed 20260921
CYBRD1	HGNC:20797	79901	ENSG00000071967	cytochrome b reductase 1	Q53TN4		DCYTB|FLJ23462|FRRS3|CYB561A2	schizophrenia	random	0			HGNC protein-coding, random seed 20260921
DEPDC1B	HGNC:24902	55789	ENSG00000035499	DEP domain containing 1B	Q8WUY9		XTP1|BRCC3	schizophrenia	random	0			HGNC protein-coding, random seed 20260921
JOSD2	HGNC:28853	126119	ENSG00000161677	Josephin domain containing 2	Q8TAC2		SBBI54	schizophrenia	random	0			HGNC protein-coding, random seed 20260921
ZNRF2	HGNC:22316	223082	ENSG00000180233	zinc and ring finger 2	Q8NHG8		RNF202	schizophrenia	random	0			HGNC protein-coding, random seed 20260921
WASL	HGNC:12735	8976	ENSG00000106299	WASP like actin nucleation promoting factor	O00401		N-WASP|NWASP|WASPB	schizophrenia	random	0			HGNC protein-coding, random seed 20260921
CYBB	HGNC:2578	1536	ENSG00000165168	cytochrome b-245 beta chain	P04839		GP91-PHOX|NOX2|GP91PHOX|p91-PHOX|CGD	schizophrenia	random	0			HGNC protein-coding, random seed 20260921
GADD45A	HGNC:4095	1647	ENSG00000116717	growth arrest and DNA damage inducible alpha	P24522		GADD45|DDIT1	schizophrenia	random	0			HGNC protein-coding, random seed 20260921
BLOC1S4	HGNC:24206	55330	ENSG00000186222	biogenesis of lysosomal organelles complex 1 subunit 4	Q9NUP1		FLJ11230|BCAS4L|CNO	schizophrenia	random	0			HGNC protein-coding, random seed 20260921
GSTO1	HGNC:13312	9446	ENSG00000148834	glutathione S-transferase omega 1	P78417		GSTTLp28|P28	schizophrenia	random	0			HGNC protein-coding, random seed 20260921
ZNG1B	HGNC:17907	150472	ENSG00000136682	Zn regulated GTPase metalloprotein activator 1B	Q8IUF1		CBWD2	schizophrenia	random	0			HGNC protein-coding, random seed 20260921
LRRC51	HGNC:55526	120356739	ENSG00000184154	leucine rich repeat containing 51	Q96E66			schizophrenia	random	0			HGNC protein-coding, random seed 20260921
IPMK	HGNC:20739	253430	ENSG00000151151	inositol polyphosphate multikinase	Q8NFU5			schizophrenia	random	0			HGNC protein-coding, random seed 20260921
FCAMR	HGNC:24692	83953	ENSG00000162897	Fc alpha and mu receptor	Q8WWV6		FKSG87|FCA/MR|CD351|Fcalpha/muR	schizophrenia	random	0			HGNC protein-coding, random seed 20260921
WDR24	HGNC:20852	84219	ENSG00000127580	WD repeat domain 24	Q96S15		DKFZp434F054|JFP7|C16orf21	schizophrenia	random	0			HGNC protein-coding, random seed 20260921
CERT1	HGNC:2205	10087	ENSG00000113163	ceramide transporter 1	Q9Y5P4		GPBP|STARD11|CERT|COL4A3BP	schizophrenia	random	0			HGNC protein-coding, random seed 20260921
SPEN	HGNC:17575	23013	ENSG00000065526	spen family transcriptional repressor	Q96T58		KIAA0929|MINT|SHARP|RBM15C	schizophrenia	random	0			HGNC protein-coding, random seed 20260921
IQCF2	HGNC:31815	389123	ENSG00000184345	IQ motif containing F2	Q8IXL9			schizophrenia	random	0			HGNC protein-coding, random seed 20260921
SPATA31D3	HGNC:38603	389762	ENSG00000186788	SPATA31 subfamily D member 3	P0C874		FLJ44082|FAM75D3	schizophrenia	random	0			HGNC protein-coding, random seed 20260921
SLC38A2	HGNC:13448	54407	ENSG00000134294	solute carrier family 38 member 2	Q96QD8		SAT2|ATA2|KIAA1382|SNAT2	schizophrenia	random	0			HGNC protein-coding, random seed 20260921
GLIS1	HGNC:29525	148979	ENSG00000174332	GLIS family zinc finger 1	Q8NBF1		FLJ36155	schizophrenia	random	0			HGNC protein-coding, random seed 20260921
KRR1	HGNC:5176	11103	ENSG00000111615	KRR1 small subunit processome component	Q13601		RIP-1|HRB2	schizophrenia	random	0			HGNC protein-coding, random seed 20260921
TRIM33	HGNC:16290	51592	ENSG00000197323	tripartite motif containing 33	Q9UPN9		TIF1GAMMA|FLJ11429|KIAA1113|TIFGAMMA|RFG7|TF1G|TIF1G|PTC7	schizophrenia	random	0			HGNC protein-coding, random seed 20260921
DNPH1	HGNC:21218	10591	ENSG00000112667	2'-deoxynucleoside 5'-phosphate N-hydrolase 1	O43598		rcl|dJ330M21.3|C6orf108	schizophrenia	random	0			HGNC protein-coding, random seed 20260921
ASZ1	HGNC:1350	136991	ENSG00000154438	ankyrin repeat, SAM and basic leucine zipper domain containing 1	Q8WWH4		Orf3|GASZ|ALP1|CT1.19|C7orf7|ANKL1	schizophrenia	random	0			HGNC protein-coding, random seed 20260921
RFC2	HGNC:9970	5982	ENSG00000049541	replication factor C subunit 2	P35250		A1|RFC40	schizophrenia	random	0			HGNC protein-coding, random seed 20260921
CHFR	HGNC:20455	55743	ENSG00000072609	checkpoint with forkhead and ring finger domains	Q96EP1		FLJ10796|RNF196	schizophrenia	random	0			HGNC protein-coding, random seed 20260921
COL8A1	HGNC:2215	1295	ENSG00000144810	collagen type VIII alpha 1 chain	P27658		MGC9568|C3orf7	schizophrenia	random	0			HGNC protein-coding, random seed 20260921
SIN3A	HGNC:19353	25942	ENSG00000169375	SIN3 transcription regulator family member A	Q96ST3		KIAA0700|DKFZP434K2235	schizophrenia	random	0			HGNC protein-coding, random seed 20260921
PYY	HGNC:9748	5697	ENSG00000131096	peptide YY	P10082		PYY1	schizophrenia	random	0			HGNC protein-coding, random seed 20260921
MT-ND5	HGNC:7461	4540	ENSG00000198786	mitochondrially encoded NADH:ubiquinone oxidoreductase core subunit 5	P03915		ND5|NAD5|MTND5	schizophrenia	random	0			HGNC protein-coding, random seed 20260921
ZNF90	HGNC:13165	7643	ENSG00000213988	zinc finger protein 90	Q03938		HTF9	schizophrenia	random	0			HGNC protein-coding, random seed 20260921
HS6ST1	HGNC:5201	9394	ENSG00000136720	heparan sulfate 6-O-sulfotransferase 1	O60243		HS6ST	schizophrenia	random	0			HGNC protein-coding, random seed 20260921
ANKRD34A	HGNC:27639	284615	ENSG00000272031	ankyrin repeat domain 34A	Q69YU3		ANKRD34	schizophrenia	random	0			HGNC protein-coding, random seed 20260921
TMED2	HGNC:16996	10959	ENSG00000086598	transmembrane p24 trafficking protein 2	Q15363		RNP24|P24A|p24beta1|p24b1	schizophrenia	random	0			HGNC protein-coding, random seed 20260921
NOLC1	HGNC:15608	9221	ENSG00000166197	nucleolar and coiled-body phosphoprotein 1	Q14978		P130|KIAA0035|NOPP140|NOPP130|Srp40	schizophrenia	random	0			HGNC protein-coding, random seed 20260921
ACOT8	HGNC:15919	10005	ENSG00000101473	acyl-CoA thioesterase 8	O14734		hACTE-III|hTE|PTE-2|NAP1|PTE1	schizophrenia	random	0			HGNC protein-coding, random seed 20260921
PRELID1	HGNC:30255	27166	ENSG00000169230	PRELI domain containing 1	Q9Y255		CGI-106|PX19|PRELI	schizophrenia	random	0			HGNC protein-coding, random seed 20260921
SEC24A	HGNC:10703	10802	ENSG00000113615	SEC24 homolog A, COPII component	O95486			schizophrenia	random	0			HGNC protein-coding, random seed 20260921
GJA9	HGNC:19155	81025	ENSG00000131233	gap junction protein alpha 9	P57773		CX59|CX58|GJA10	schizophrenia	random	0			HGNC protein-coding, random seed 20260921
ZPBP2	HGNC:20678	124626	ENSG00000186075	zona pellucida binding protein 2	Q6X784		ZPBPL|MGC41930	schizophrenia	random	0			HGNC protein-coding, random seed 20260921
DPH2	HGNC:3004	1802	ENSG00000132768	diphthamide biosynthesis 2	Q9BQC3		DPH2L2	schizophrenia	random	0			HGNC protein-coding, random seed 20260921
MXRA7	HGNC:7541	439921	ENSG00000182534	matrix remodeling associated 7	P84157		FLJ46603|TMAP1|PS1TP1	schizophrenia	random	0			HGNC protein-coding, random seed 20260921
GZMA	HGNC:4708	3001	ENSG00000145649	granzyme A	P12544		HFSP|CTLA3	schizophrenia	random	0			HGNC protein-coding, random seed 20260921
NECAB1	HGNC:20983	64168	ENSG00000123119	N-terminal EF-hand calcium binding protein 1	Q8N987		EFCBP1	schizophrenia	random	0			HGNC protein-coding, random seed 20260921
PEBP1	HGNC:8630	5037	ENSG00000089220	phosphatidylethanolamine binding protein 1	P30086		RKIP|HCNP|PEBP|PBP	schizophrenia	random	0			HGNC protein-coding, random seed 20260921
VCX3B	HGNC:31838	425054	ENSG00000205642	variable charge X-linked 3B	Q9H321		VCX-C	schizophrenia	random	0			HGNC protein-coding, random seed 20260921
SLC6A15	HGNC:13621	55117	ENSG00000072041	solute carrier family 6 member 15	Q9H2J7		hv7-3|NTT73|FLJ10316|V7-3|SBAT1	schizophrenia	random	0			HGNC protein-coding, random seed 20260921
TAF11L6	HGNC:53849	391747	ENSG00000284042	TATA-box binding protein associated factor 11 like 6	P0DW11			schizophrenia	random	0			HGNC protein-coding, random seed 20260921
H1-2	HGNC:4716	3006	ENSG00000187837	H1.2 linker histone, cluster member	P16403		H1.2|H1s-1|H1c|H1F2|HIST1H1C	schizophrenia	random	0			HGNC protein-coding, random seed 20260921
IFNE	HGNC:18163	338376	ENSG00000184995	interferon epsilon	Q86WN2		IFNE1	schizophrenia	random	0			HGNC protein-coding, random seed 20260921
ZSCAN31	HGNC:14097	64288	ENSG00000235109	zinc finger and SCAN domain containing 31	Q96LW9		ZNF310P|ZNF323	schizophrenia	random	0			HGNC protein-coding, random seed 20260921
DTHD1	HGNC:37261	401124	ENSG00000197057	death domain containing 1	Q6ZMT9		FLJ16686	schizophrenia	random	0			HGNC protein-coding, random seed 20260921
ADCY1	HGNC:232	107	ENSG00000164742	adenylate cyclase 1	Q08828		AC1|DFNB44	schizophrenia	random	0			HGNC protein-coding, random seed 20260921
OOSP4B	HGNC:53905	107987155	ENSG00000255393	oocyte secreted protein family member 4B	A0A2R8Y4Y8			schizophrenia	random	0			HGNC protein-coding, random seed 20260921
TUBAL3	HGNC:23534	79861	ENSG00000178462	tubulin alpha like 3	A6NHL2		FLJ21665	schizophrenia	random	0			HGNC protein-coding, random seed 20260921
GLT6D1	HGNC:23671	360203	ENSG00000204007	glycosyltransferase 6 domain containing 1	Q7Z4J2		GLTDC1	schizophrenia	random	0			HGNC protein-coding, random seed 20260921
SHCBP1L	HGNC:16788	81626	ENSG00000157060	SHC binding and spindle associated 1 like	Q9BZQ2		C1orf14	schizophrenia	random	0			HGNC protein-coding, random seed 20260921
BMP15	HGNC:1068	9210	ENSG00000130385	bone morphogenetic protein 15	O95972		GDF9B	schizophrenia	random	0			HGNC protein-coding, random seed 20260921
ETHE1	HGNC:23287	23474	ENSG00000105755	ETHE1 persulfide dioxygenase	O95571		YF13H12|HSCO	schizophrenia	random	0			HGNC protein-coding, random seed 20260921
ARHGDIB	HGNC:679	397	ENSG00000111348	Rho GDP dissociation inhibitor beta	P52566		Ly-GDI|RhoGDI2|RAP1GN1|GDIA2|GDID4	schizophrenia	random	0			HGNC protein-coding, random seed 20260921
VPS51	HGNC:1172	738	ENSG00000149823	VPS51 subunit of GARP complex	Q9UID3		ANG2|ANG3|FFR|C11orf3|C11orf2	schizophrenia	random	0			HGNC protein-coding, random seed 20260921
CCDC15	HGNC:25798	80071	ENSG00000149548	coiled-coil domain containing 15	Q0P6D6		FLJ13215	schizophrenia	random	0			HGNC protein-coding, random seed 20260921
MYBBP1A	HGNC:7546	10514	ENSG00000132382	MYB binding protein 1a	Q9BQG0		P160|PAP2|FLJ37886|Pol5	schizophrenia	random	0			HGNC protein-coding, random seed 20260921
LY6G5B	HGNC:13931	58496	ENSG00000240053	lymphocyte antigen 6 family member G5B	Q8NDX9		G5b|C6orf19	schizophrenia	random	0			HGNC protein-coding, random seed 20260921
MBD1	HGNC:6916	4152	ENSG00000141644	methyl-CpG binding domain protein 1	Q9UIS9		PCM1|CXXC3	schizophrenia	random	0			HGNC protein-coding, random seed 20260921
SLC5A1	HGNC:11036	6523	ENSG00000100170	solute carrier family 5 member 1	P13866		D22S675|NAGT|SGLT-1|SGLT1	schizophrenia	random	0			HGNC protein-coding, random seed 20260921
MAOA	HGNC:6833	4128	ENSG00000189221	monoamine oxidase A	P21397			schizophrenia	random	0			HGNC protein-coding, random seed 20260921
BRINP3	HGNC:22393	339479	ENSG00000162670	BMP/retinoic acid inducible neural specific 3	Q76B58		DBCCR1L|DBCCR1L1|FAM5C	schizophrenia	random	0			HGNC protein-coding, random seed 20260921
ESRRA	HGNC:3471	2101	ENSG00000173153	estrogen related receptor alpha	P11474		ERR1|ERRalpha|NR3B1|ERRa|ESRL1	schizophrenia	random	0			HGNC protein-coding, random seed 20260921
CSDC2	HGNC:30359	27254	ENSG00000172346	cold shock domain containing C2	Q9Y534		PIPPin	schizophrenia	random	0			HGNC protein-coding, random seed 20260921
TRAPPC13	HGNC:25828	80006	ENSG00000113597	trafficking protein particle complex subunit 13	A5PLN9		FLJ13611|MGC48585|C5orf44	schizophrenia	random	0			HGNC protein-coding, random seed 20260921
CMYA5	HGNC:14305	202333	ENSG00000164309	cardiomyopathy associated 5	Q8N3K9		SPRYD2|DKFZp451G223|TRIM76|C5orf10	schizophrenia	random	0			HGNC protein-coding, random seed 20260921
OR13C2	HGNC:14701	392376	ENSG00000276119	olfactory receptor family 13 subfamily C member 2	Q8NGS9			schizophrenia	random	0			HGNC protein-coding, random seed 20260921
CDC37	HGNC:1735	11140	ENSG00000105401	cell division cycle 37, HSP90 cochaperone	Q16543		P50CDC37	schizophrenia	random	0			HGNC protein-coding, random seed 20260921
FAS	HGNC:11920	355	ENSG00000026103	Fas cell surface death receptor	P25445		CD95|APO-1|FAS1|APT1|TNFRSF6	schizophrenia	random	0			HGNC protein-coding, random seed 20260921
XKR8	HGNC:25508	55113	ENSG00000158156	XK related 8	Q9H6D3		FLJ10307	schizophrenia	random	0			HGNC protein-coding, random seed 20260921
HGSNAT	HGNC:26527	138050	ENSG00000165102	heparan-alpha-glucosaminide N-acetyltransferase	Q68CP4		FLJ32731|HGNAT|TMEM76	schizophrenia	random	0			HGNC protein-coding, random seed 20260921
RBBP5	HGNC:9888	5929	ENSG00000117222	RB binding protein 5, histone lysine methyltransferase complex subunit	Q15291		RBQ3|SWD1	schizophrenia	random	0			HGNC protein-coding, random seed 20260921
PDE12	HGNC:25386	201626	ENSG00000174840	phosphodiesterase 12	Q6L8Q7		DKFZp667B1218|2'-PDE|3635	schizophrenia	random	0			HGNC protein-coding, random seed 20260921
NFILZ	HGNC:52681	105372267	ENSG00000268480	NFIL3 like basic leucine zipper	A0A5F9ZHS7		LINC01862	schizophrenia	random	0			HGNC protein-coding, random seed 20260921
TBR1	HGNC:11590	10716	ENSG00000136535	T-box brain transcription factor 1	Q16650			schizophrenia	random	0			HGNC protein-coding, random seed 20260921
RAB37	HGNC:30268	326624	ENSG00000172794	RAB37, member RAS oncogene family	Q96AX2			schizophrenia	random	0			HGNC protein-coding, random seed 20260921
CGGBP1	HGNC:1888	8545	ENSG00000163320	CGG triplet repeat binding protein 1	Q9UFW8		p20-CGGBP|CGGBP	schizophrenia	random	0			HGNC protein-coding, random seed 20260921
AJUBA	HGNC:20250	84962	ENSG00000129474	ajuba LIM protein	Q96IF1		MGC15563|JUB	schizophrenia	random	0			HGNC protein-coding, random seed 20260921
CCDC57	HGNC:27564	284001	ENSG00000176155	coiled-coil domain containing 57	Q2TAC2		FLJ00130|FLJ23754	schizophrenia	random	0			HGNC protein-coding, random seed 20260921
MYO10	HGNC:7593	4651	ENSG00000145555	myosin X	Q9HD67		KIAA0799|MyoX	schizophrenia	random	0			HGNC protein-coding, random seed 20260921
DNAJB5	HGNC:14887	25822	ENSG00000137094	DnaJ heat shock protein family (Hsp40) member B5	O75953		Hsc40	schizophrenia	random	0			HGNC protein-coding, random seed 20260921
CBR1	HGNC:1548	873	ENSG00000159228	carbonyl reductase 1	P16152		SDR21C1|CBR	schizophrenia	random	0			HGNC protein-coding, random seed 20260921
MEF2A	HGNC:6993	4205	ENSG00000068305	myocyte enhancer factor 2A	Q02078		RSRFC4|RSRFC9	schizophrenia	random	0			HGNC protein-coding, random seed 20260921
SLITRK2	HGNC:13449	84631	ENSG00000185985	SLIT and NTRK like family member 2	Q9H156		KIAA1854|CXorf2|SLITL1|TMEM257|CXorf1	schizophrenia	random	0			HGNC protein-coding, random seed 20260921
FOXA3	HGNC:5023	3171	ENSG00000170608	forkhead box A3	P55318		HNF3G	schizophrenia	random	0			HGNC protein-coding, random seed 20260921
IKZF3	HGNC:13178	22806	ENSG00000161405	IKAROS family zinc finger 3	Q9UKT9		Aiolos|ZNFN1A3	schizophrenia	random	0			HGNC protein-coding, random seed 20260921
TYK2	HGNC:12440	7297	ENSG00000105397	tyrosine kinase 2	P29597		JTK1	schizophrenia	random	0			HGNC protein-coding, random seed 20260921
ACOT2	HGNC:18431	10965	ENSG00000119673	acyl-CoA thioesterase 2	P49753		Mte1|ZAP128	schizophrenia	random	0			HGNC protein-coding, random seed 20260921
XKR7	HGNC:23062	343702	ENSG00000260903	XK related 7	Q5GH72		dJ310O13.4|C20orf159	schizophrenia	random	0			HGNC protein-coding, random seed 20260921
ST3GAL3	HGNC:10866	6487	ENSG00000126091	ST3 beta-galactoside alpha-2,3-sialyltransferase 3	Q11203		SIAT6|MRT12	schizophrenia	random	0			HGNC protein-coding, random seed 20260921
RHO	HGNC:10012	6010	ENSG00000163914	rhodopsin	P08100		OPN2|CSNBAD1|RP4	schizophrenia	random	0			HGNC protein-coding, random seed 20260921
ANXA3	HGNC:541	306	ENSG00000138772	annexin A3	P12429		ANX3	schizophrenia	random	0			HGNC protein-coding, random seed 20260921
GTPBP10	HGNC:25106	85865	ENSG00000105793	GTP binding protein 10	A4D1E9		DKFZP686A10121|FLJ38242|OBGH2	schizophrenia	random	0			HGNC protein-coding, random seed 20260921
TMEM128	HGNC:28201	85013	ENSG00000132406	transmembrane protein 128	Q5BJH2		MGC13159	schizophrenia	random	0			HGNC protein-coding, random seed 20260921
MALL	HGNC:6818	7851	ENSG00000144063	mal, T cell differentiation protein like	Q13021		BENE	schizophrenia	random	0			HGNC protein-coding, random seed 20260921
MORC3	HGNC:23572	23515	ENSG00000159256	MORC family CW-type zinc finger 3	Q14149		ZCW5|NXP2|KIAA0136|ZCWCC3	schizophrenia	random	0			HGNC protein-coding, random seed 20260921
PCM1	HGNC:8727	5108	ENSG00000078674	pericentriolar material 1	Q15154		PTC4	schizophrenia	random	0			HGNC protein-coding, random seed 20260921
GPR160	HGNC:23693	26996	ENSG00000173890	G protein-coupled receptor 160	Q9UJ42		GPCR150|GPCR1	schizophrenia	random	0			HGNC protein-coding, random seed 20260921
PLAG1	HGNC:9045	5324	ENSG00000181690	PLAG1 zinc finger	Q6DJT9		ZNF912	schizophrenia	random	0			HGNC protein-coding, random seed 20260921
WIPI1	HGNC:25471	55062	ENSG00000070540	WD repeat domain, phosphoinositide interacting 1	Q5MNZ9		FLJ10055|WIPI49|ATG18|ATG18A	schizophrenia	random	0			HGNC protein-coding, random seed 20260921
C5orf15	HGNC:20656	56951	ENSG00000113583	chromosome 5 open reading frame 15	Q8NC54		KCT2|HTGN29	schizophrenia	random	0			HGNC protein-coding, random seed 20260921
RCN3	HGNC:21145	57333	ENSG00000142552	reticulocalbin 3	Q96D15		RLP49	schizophrenia	random	0			HGNC protein-coding, random seed 20260921
AP1S2	HGNC:560	8905	ENSG00000182287	adaptor related protein complex 1 subunit sigma 2	P56377		SIGMA1B|MRX59|MRXS5|PGS	schizophrenia	random	0			HGNC protein-coding, random seed 20260921
